source_ref,source_type,source_id,title,language,status,approval,text_available,storage,text_size_chars,estimated_chunks,duplicate_group,include,exclude_reason,raw_sha256,content_hash_db,text_sha256
kos:doc_01e42175ca5acc08,kos_source_document,doc_01e42175ca5acc08,Национальный День Вина 2025,ru,active,active,true,postgres:kos_source_documents.normalized_text,1257,2,,include,,,ac2de49651ea3a3eeaf674e145ed8a6154f428ac9251e97235e49b570b3490f2,ac2de49651ea3a3eeaf674e145ed8a6154f428ac9251e97235e49b570b3490f2
kos:doc_022b93c95bfb5488,kos_source_document,doc_022b93c95bfb5488,Brunch Exclusiv la Carlevana Winery,ru,active,active,true,postgres:kos_source_documents.normalized_text,664,1,,include,,,4bd77894596972ea0a9805e85ece5f530c974aa721b9d3e52ae0f77739f09733,4bd77894596972ea0a9805e85ece5f530c974aa721b9d3e52ae0f77739f09733
kos:doc_038105224f857fd9,kos_source_document,doc_038105224f857fd9,https://carlevana.md/vinul-moldovenesc/,auto,active,active,true,postgres:kos_source_documents.normalized_text,11323,1,,include,,,,e418dc930f8d16d6f594e76cd7e2a2ae2497da140ead3c54c85e9afe58e52b96
kos:doc_045106b73fe32975,kos_source_document,doc_045106b73fe32975,Muscat Ottonel: grapes and wine,ru,active,active,true,postgres:kos_source_documents.normalized_text,3641,3,,include,,,772c9656471265ede0fcfde6df77846ead4b8b8517a3e14d2347370a33199747,772c9656471265ede0fcfde6df77846ead4b8b8517a3e14d2347370a33199747
kos:doc_04b5b76b083a298e,kos_source_document,doc_04b5b76b083a298e,"Orange wine: технология производства, исторический экскурс, известные марки",ru,active,active,true,postgres:kos_source_documents.normalized_text,4060,4,,include,,,e64cfe9b4fb1fbd7e31349d2a450d081d36b0f6fa64f5e172266707280ed0298,e64cfe9b4fb1fbd7e31349d2a450d081d36b0f6fa64f5e172266707280ed0298
kos:doc_05403951a5374bd7,kos_source_document,doc_05403951a5374bd7,https://carlevana.md/ru/rhein-riesling-vinograd-i-vino/,auto,active,active,true,postgres:kos_source_documents.normalized_text,8263,1,,include,,,,d21a1b4bb7a19494b1ec4e0209480d883b54631703307143e8e8add2cfb91953
kos:doc_0548ee95e6aba9c5,kos_source_document,doc_0548ee95e6aba9c5,Vinul moldovenesc - Carlevana Winery,ru,active,active,true,postgres:kos_source_documents.normalized_text,5758,6,,include,,,047c36b9d2042b139a929c04192cc04ad016926f511a21639c9c31beab52b1ef,047c36b9d2042b139a929c04192cc04ad016926f511a21639c9c31beab52b1ef
kos:doc_076abd045fc1350f,kos_source_document,doc_076abd045fc1350f,https://cricova.md/ro/despre-noi/istorie,auto,active,active,,postgres:kos_source_documents.normalized_text,0,0,,exclude,text_unavailable,,,
kos:doc_09b29ae1215ff5af,kos_source_document,doc_09b29ae1215ff5af,Виноград и вино Фетяска Регала,ru,active,active,true,postgres:kos_source_documents.normalized_text,3339,3,,include,,,644bf0772d728add9bb1a6fc32e24b0715db17582b054b0ce5849b5a087b33ec,644bf0772d728add9bb1a6fc32e24b0715db17582b054b0ce5849b5a087b33ec
kos:doc_0dd1855c99bd5f08,kos_source_document,doc_0dd1855c99bd5f08,https://cricova.md/ro/vinuri/vinuri/national,auto,active,active,,postgres:kos_source_documents.normalized_text,0,0,,exclude,text_unavailable,,,
kos:doc_0eba3cf9adfde6e3,kos_source_document,doc_0eba3cf9adfde6e3,Exclusive Brunch at Carlevana Winery,ru,active,active,true,postgres:kos_source_documents.normalized_text,704,1,,include,,,f7a388e4d3c283a81d3f02fc5743416953298f432a01176d140b722889607191,f7a388e4d3c283a81d3f02fc5743416953298f432a01176d140b722889607191
kos:doc_11612b8553e02f26,kos_source_document,doc_11612b8553e02f26,https://cricova.md/ro/beciurile,auto,active,active,true,postgres:kos_source_documents.normalized_text,9681,1,,include,,,,edcd4518964c754fe8a530142ea933803abfa131895f0ea13ce0ccbd258061fc
kos:doc_12c00ac4a709b2c2,kos_source_document,doc_12c00ac4a709b2c2,Cricova - Acasă,ru,active,active,true,postgres:kos_source_documents.normalized_text,997,1,,include,,,a1664332372bd4a9b12ce465427d54d4b4e2bd4390f7c977e9ac1ee394497110,a1664332372bd4a9b12ce465427d54d4b4e2bd4390f7c977e9ac1ee394497110
kos:doc_136b4a49e49f4bc9,kos_source_document,doc_136b4a49e49f4bc9,Gitana Winery – Wine Producer,en,active,active,true,postgres:kos_source_documents.normalized_text,1426,2,,include,,,52b088e91ebf579ad65bb7eff571ade5826088d9b5aabb8f26d9860610c1943a,52b088e91ebf579ad65bb7eff571ade5826088d9b5aabb8f26d9860610c1943a
kos:doc_139d1ca1c61cb7ed,kos_source_document,doc_139d1ca1c61cb7ed,Маршрут авторских вин - Moldova Travel,ru,active,active,true,postgres:kos_source_documents.normalized_text,2568,3,,include,,,7ee73a09512ef5729fdacce3966a8004d1ca2848c3518552803424c577595e8b,7ee73a09512ef5729fdacce3966a8004d1ca2848c3518552803424c577595e8b
kos:doc_1525a90d9972d043,kos_source_document,doc_1525a90d9972d043,https://carlevana.md/en/creative-evening-with-narine-abgaryan-live-on/,auto,active,active,true,postgres:kos_source_documents.normalized_text,1426,1,,include,,,,5fa62ed7c3420e93531c1aae809df6e0ca1e07df4e3aba75af7e4acf9fb5cfd1
kos:doc_15ad5afc9d1fad9d,kos_source_document,doc_15ad5afc9d1fad9d,National Wine Day 2025,ru,active,active,true,postgres:kos_source_documents.normalized_text,915,1,,include,,,805c766f891283ce68fd05aa502e15055ff229e7798753075af4fbe852cc8607,805c766f891283ce68fd05aa502e15055ff229e7798753075af4fbe852cc8607
kos:doc_1619d3efb540dfe7,kos_source_document,doc_1619d3efb540dfe7,https://carlevana.md/ru/muscat-ottonel-vinograd-i-vino/,auto,active,active,true,postgres:kos_source_documents.normalized_text,7287,1,,include,,,,a2b77149a45a1ce671c373b48c74fc6029f471ae2c439f97202ee16781ec1700
kos:doc_17c0bc935f313647,kos_source_document,doc_17c0bc935f313647,International Cabernet Sauvignon Day - Carlevana winery,ru,active,active,true,postgres:kos_source_documents.normalized_text,1262,2,,include,,,6d61db42908587f13973da8f4dba6e1a6c56a2a0d3e2246766ae19794b8a340b,6d61db42908587f13973da8f4dba6e1a6c56a2a0d3e2246766ae19794b8a340b
kos:doc_17f90b463fd0ab31,kos_source_document,doc_17f90b463fd0ab31,Молдавское вино - Carlevana Winery,ru,active,active,true,postgres:kos_source_documents.normalized_text,5491,5,,include,,,d60053bd31caa15cc40d3404577eaac0e8356d2e429d805faf231088e8aad82e,d60053bd31caa15cc40d3404577eaac0e8356d2e429d805faf231088e8aad82e
kos:doc_19e0ac15a913d67f,kos_source_document,doc_19e0ac15a913d67f,Aurelius,ru,active,active,true,postgres:kos_source_documents.normalized_text,20368,17,1,include,,,418928c275aaee399908dc3e5db5f42433358977db37cef28b44df621346e755,418928c275aaee399908dc3e5db5f42433358977db37cef28b44df621346e755
kos:doc_1a0f1afc0533293f,kos_source_document,doc_1a0f1afc0533293f,Catalog vinuri,ru,active,active,true,postgres:kos_source_documents.normalized_text,2510,2,,include,,,86b4c8fc04f7218a1b84c9f80b49bea5134c108978b1fbbec787d9cfe62def08,86b4c8fc04f7218a1b84c9f80b49bea5134c108978b1fbbec787d9cfe62def08
kos:doc_1a104dd64152324a,kos_source_document,doc_1a104dd64152324a,Spectacol muzical „CHECK-UP” cu Danila Kozlovsky - degustare,ru,active,active,true,postgres:kos_source_documents.normalized_text,835,1,,include,,,96bbccc306648a3d98d727a34fd8f3ba5718302db2c3e0760386903a8f30b7cf,96bbccc306648a3d98d727a34fd8f3ba5718302db2c3e0760386903a8f30b7cf
kos:doc_1b56c8ad1b73f928,kos_source_document,doc_1b56c8ad1b73f928,https://cricova.md/ro/vinuri/vinuri,auto,active,active,,postgres:kos_source_documents.normalized_text,0,0,,exclude,text_unavailable,,,
kos:doc_1b780f83dc6edad0,kos_source_document,doc_1b780f83dc6edad0,https://carlevana.md/ru/nacionalniy-den-vina-2025/,auto,active,active,true,postgres:kos_source_documents.normalized_text,1807,1,,include,,,,2dd3c154c73e5926ff90555cb282e8e6ae9de7585cefe40f3ceaef0bbbe63d87
kos:doc_1c1ccf5fd60746ce,kos_source_document,doc_1c1ccf5fd60746ce,https://carlevana.md/ru/,auto,active,active,true,postgres:kos_source_documents.normalized_text,1971,1,,include,,,,7681953738be90bbb74f57ae08ce6c8935b3221778a11b17fb7efe785588b675
kos:doc_1de93b47f457ae3e,kos_source_document,doc_1de93b47f457ae3e,https://aurelius.md/ro/,auto,active,active,true,postgres:kos_source_documents.normalized_text,55903,1,2,include,,,,9cfeec5337c07a680731fcafc63cc571a733ba7a97f972eb1b4fe71f3570748c
kos:doc_1e9c91d2886d4565,kos_source_document,doc_1e9c91d2886d4565,Туры на винодельню - Vinuri de Comrat,ru,active,active,true,postgres:kos_source_documents.normalized_text,6643,7,,include,,,d2521c979ec1684810954bed3efc38646a347c46058ae03323b0264011485ea7,d2521c979ec1684810954bed3efc38646a347c46058ae03323b0264011485ea7
kos:doc_1fc3429c87ca35dd,kos_source_document,doc_1fc3429c87ca35dd,Selections mondiales des vins - Carlevana winery,ru,active,active,true,postgres:kos_source_documents.normalized_text,570,1,,include,,,40719030e01753f4bf55072dc21d7d27da1c9aa8e2b78909be4dde3f5b9e59c5,40719030e01753f4bf55072dc21d7d27da1c9aa8e2b78909be4dde3f5b9e59c5
kos:doc_1fd4bfe973fdbedb,kos_source_document,doc_1fd4bfe973fdbedb,Purcari Negru de Purcari - Chateau Purcari,ru,active,active,true,postgres:kos_source_documents.normalized_text,467,1,3,include,,,5e31a4a489d7f669b0bd001cf5a7d10fc5b01e0e9bfb5a99d18f73d1ddec676d,5e31a4a489d7f669b0bd001cf5a7d10fc5b01e0e9bfb5a99d18f73d1ddec676d
kos:doc_21da92243bd5b8e6,kos_source_document,doc_21da92243bd5b8e6,https://carlevana.md/seara-creativa-a-narinei-abgaryan-a-trai-mai-departe/,auto,active,active,true,postgres:kos_source_documents.normalized_text,1567,1,,include,,,,2d86846a6897fcaf05774b06984be7983bd0f188a207bd747faa3cb0c36587ab
kos:doc_230151e1ea758be7,kos_source_document,doc_230151e1ea758be7,https://wine.md/purcari-freedom-blend-3672,auto,pending,pending,,postgres:kos_source_documents.normalized_text,0,0,,exclude,status_not_active,,,
kos:doc_23eafccdb7692d22,kos_source_document,doc_23eafccdb7692d22,https://wine.md/catalog/wine/vinuri-rosii/,auto,active,active,true,postgres:kos_source_documents.normalized_text,3144,1,,include,,,,6e57310b11995c47434a446d7079c488f97d3a817cb7b4fd3669b05ce33e0edb
kos:doc_2455a1ccab030c87,kos_source_document,doc_2455a1ccab030c87,https://carlevana.md/en/feteasca-regala-grapes-and-wine/,auto,active,active,true,postgres:kos_source_documents.normalized_text,6423,1,,include,,,,c28286b3b766c30a80751deec510c196cad6993928634e670c4e0213a6a04e5b
kos:doc_25d1f65e0a68c88b,kos_source_document,doc_25d1f65e0a68c88b,https://cricova.md/ro/vinuri/vinuri/orasul-subteran,auto,active,active,,postgres:kos_source_documents.normalized_text,0,0,,exclude,text_unavailable,,,
kos:doc_285e835fc41ed269,kos_source_document,doc_285e835fc41ed269,https://carlevana.md/en/wine-from-pinot-noir-grapes/,auto,active,active,true,postgres:kos_source_documents.normalized_text,8733,1,,include,,,,196bd6efef7eb169a6c41b2084932e829d7081014a2f214dadbc586abf58d9ce
kos:doc_2c664366c13d29f1,kos_source_document,doc_2c664366c13d29f1,Cricova,ru,active,active,true,postgres:kos_source_documents.normalized_text,136,1,,include,,,9175e34447fa90d7730647e29e2f4ff067aaf646edc212a8f9823a98dcfc4810,9175e34447fa90d7730647e29e2f4ff067aaf646edc212a8f9823a98dcfc4810
kos:doc_2d19164dc8078f9d,kos_source_document,doc_2d19164dc8078f9d,https://cricova.md/ro/vinuri/vinuri/seria-1952,auto,active,active,,postgres:kos_source_documents.normalized_text,0,0,,exclude,text_unavailable,,,
kos:doc_2e9436c0fb06edba,kos_source_document,doc_2e9436c0fb06edba,Selections mondiales des vins - Carlevana winery,ru,active,active,true,postgres:kos_source_documents.normalized_text,528,1,,include,,,69ca4e06c10bc87eaafed2b75ac4f211d4127c9495666c23decec4bc94f3ad54,69ca4e06c10bc87eaafed2b75ac4f211d4127c9495666c23decec4bc94f3ad54
kos:doc_2ebfef06b54b0312,kos_source_document,doc_2ebfef06b54b0312,Struguri și vin Fetească Regală,ru,active,active,true,postgres:kos_source_documents.normalized_text,3452,3,,include,,,630354c3093550e279ff24d41e7c822d6bcbd936ec7ecdf83c49613549eb958a,630354c3093550e279ff24d41e7c822d6bcbd936ec7ecdf83c49613549eb958a
kos:doc_2f554847122d0333,kos_source_document,doc_2f554847122d0333,Muscat Ottonel: виноград и вино,ru,active,active,true,postgres:kos_source_documents.normalized_text,3786,4,,include,,,0c930e9a9778032dd1901ff871de76822e4e88bb069f22fb7136dfd56a4c014c,0c930e9a9778032dd1901ff871de76822e4e88bb069f22fb7136dfd56a4c014c
kos:doc_30df81f5fcd2ca0c,kos_source_document,doc_30df81f5fcd2ca0c,https://carlevana.md/en/muscat-ottonel-grapes-and-wine/,auto,active,active,true,postgres:kos_source_documents.normalized_text,6949,1,,include,,,,031a4031158d8027ec299935c63c76aa80069cc8e029e444f23f1040388d51d9
kos:doc_314ed7de89509908,kos_source_document,doc_314ed7de89509908,https://cricova.md/ro/vinuri/vinuri/vinuri-licoroase,auto,active,active,,postgres:kos_source_documents.normalized_text,0,0,,exclude,text_unavailable,,,
kos:doc_3351aacd465259c3,kos_source_document,doc_3351aacd465259c3,Cricova - Noutăți,ru,active,active,true,postgres:kos_source_documents.normalized_text,2135,2,,include,,,b08c0a0644ba92e3ee61a6bd82f7152ab300015a2a4d03c6229730ee18c6928c,b08c0a0644ba92e3ee61a6bd82f7152ab300015a2a4d03c6229730ee18c6928c
kos:doc_34a3582b21554e41,kos_source_document,doc_34a3582b21554e41,https://wine.md/catalog/wine/vinuri-albe/floricica/chateau-cojusna-autentic-sauvignon-blanc-and-floricica,auto,pending,pending,,postgres:kos_source_documents.normalized_text,0,0,,exclude,status_not_active,,,
kos:doc_34fbe67fb95b54e2,kos_source_document,doc_34fbe67fb95b54e2,https://cricova.md/ro/despre-noi/sustenabilitate,auto,active,active,,postgres:kos_source_documents.normalized_text,0,0,,exclude,text_unavailable,,,
kos:doc_3957c5692f82b509,kos_source_document,doc_3957c5692f82b509,https://carlevana.md/brunch-exclusiv-la-carlevana-winery/,auto,active,active,true,postgres:kos_source_documents.normalized_text,1267,1,,include,,,,44387d8551de8d69bf61d7cbbe1b0541857f225f396f859238341498d553a4d1
kos:doc_39cfa8df6eedc575,kos_source_document,doc_39cfa8df6eedc575,Degustare la spectacolul lui Masha Mashkova - INOSTRANKA,ru,active,active,true,postgres:kos_source_documents.normalized_text,352,1,,include,,,2708a0f349474573853ac518fa8fa34a462952a037a34f7c8c6ab2fe7aa8430d,2708a0f349474573853ac518fa8fa34a462952a037a34f7c8c6ab2fe7aa8430d
kos:doc_3b0af419b9396d86,kos_source_document,doc_3b0af419b9396d86,https://cricova.md/ro/despre-noi/istorie%22,auto,active,active,true,postgres:kos_source_documents.normalized_text,72,1,,include,,,,4cc65888719212717741e5dd2de19b5d3a9f11fe1b55befcc66ff56ee7033f04
kos:doc_3c6c3e63c46d9fa5,kos_source_document,doc_3c6c3e63c46d9fa5,https://cricova.md/ro/confidentialitate,auto,active,active,true,postgres:kos_source_documents.normalized_text,7782,1,,include,,,,e74400d487138e30869d1b4bacc68a2c8066c58f7a698c1f1ca3bcfe183901eb
kos:doc_3da0d8cc863af206,kos_source_document,doc_3da0d8cc863af206,Kvint,en,active,active,true,postgres:kos_source_documents.normalized_text,2133,1,4,include,,,235ac18f5b8549ad6039315d5b5ee47acb35d218b9b75e142409b86c665d7fa4,235ac18f5b8549ad6039315d5b5ee47acb35d218b9b75e142409b86c665d7fa4
kos:doc_3e49857d04d82e53,kos_source_document,doc_3e49857d04d82e53,https://carlevana.md/ziua-internationala-a-soiului-cabernet-sauvignon/,auto,active,active,true,postgres:kos_source_documents.normalized_text,2680,1,,include,,,,74ce48e626b5489833c9e00cf1c221f5219ee3a4389c5915872db55110d59c31
kos:doc_4001310aa707a0a1,kos_source_document,doc_4001310aa707a0a1,News: wine tours,ru,active,active,true,postgres:kos_source_documents.normalized_text,286,1,,include,,,ed85b94fc9709eb5b6c029fb4b886a5fa862f98b8c9c9f9d8e2ffbd9769487b5,ed85b94fc9709eb5b6c029fb4b886a5fa862f98b8c9c9f9d8e2ffbd9769487b5
kos:doc_40ab60087e7a3e22,kos_source_document,doc_40ab60087e7a3e22,Aurelius,ru,active,active,true,postgres:kos_source_documents.normalized_text,20368,17,1,include,,,418928c275aaee399908dc3e5db5f42433358977db37cef28b44df621346e755,418928c275aaee399908dc3e5db5f42433358977db37cef28b44df621346e755
kos:doc_410b02485a4c00ce,kos_source_document,doc_410b02485a4c00ce,https://carlevana.md/en/national-wine-day-2025/,auto,active,active,true,postgres:kos_source_documents.normalized_text,1812,1,,include,,,,0d3f11846bf3d4aa85fd056cd047f518cf9b5ea4b8a89439c592e066e466622f
kos:doc_441f92ce6ef0953e,kos_source_document,doc_441f92ce6ef0953e,Эксклюзивный бранч на винодельне Carlevana,ru,active,active,true,postgres:kos_source_documents.normalized_text,695,1,,include,,,22a6b29c66704758d715925c49ca6c215693966db09b052dfed8828810c39b44,22a6b29c66704758d715925c49ca6c215693966db09b052dfed8828810c39b44
kos:doc_44498b09be32fef7,kos_source_document,doc_44498b09be32fef7,REZERVARE-CRICOVA,ru,active,active,true,postgres:kos_source_documents.normalized_text,4672,4,,include,,,c73b451270095d47c57be664f8ff10cf3167be8728d2b8f41d99757ec52067bc,c73b451270095d47c57be664f8ff10cf3167be8728d2b8f41d99757ec52067bc
kos:doc_449b60a5e6508a2f,kos_source_document,doc_449b60a5e6508a2f,https://wine.md/catalog/produse-gourmet/sare-de-mare-cu-vin-rosu-/-125-gr,auto,active,active,true,postgres:kos_source_documents.normalized_text,3029,1,,include,,,,cbefd344a3afe4340916b8675e2fcccb744f28e8f075f2365554dfd2351ba64c
kos:doc_44f2d679ae098308,kos_source_document,doc_44f2d679ae098308,https://cricova.md/ro/vinuri/vinuri/ornament,auto,active,active,,postgres:kos_source_documents.normalized_text,0,0,,exclude,text_unavailable,,,
kos:doc_48b2ff1be5547a3f,kos_source_document,doc_48b2ff1be5547a3f,https://carlevana.md/en/selections-mondiales-des-vins-2/,auto,active,active,true,postgres:kos_source_documents.normalized_text,1047,1,,include,,,,788867458f004ee9c7cd21f192d9155e9fe845c4661b531f8c83b3ceea9a2286
kos:doc_48cb97382f8423d6,kos_source_document,doc_48cb97382f8423d6,Vinul Moldovei - Wine of Moldova,ro,active,active,true,postgres:kos_source_documents.normalized_text,887,1,,include,,,41c4295ef8baee36fa17232c82f0a96f828cda37e7452c92a880763e13fe004d,41c4295ef8baee36fa17232c82f0a96f828cda37e7452c92a880763e13fe004d
kos:doc_499339bd0399918e,kos_source_document,doc_499339bd0399918e,Products - Basavin,en,active,active,true,postgres:kos_source_documents.normalized_text,7199,6,,include,,,a6e879f26966b42b8e73a3ffe49eab201cd784926d6c4c610175f667d7cbd8cf,a6e879f26966b42b8e73a3ffe49eab201cd784926d6c4c610175f667d7cbd8cf
kos:doc_4a1de272572de4e9,kos_source_document,doc_4a1de272572de4e9,Cricova - Acasă,ro,active,active,true,postgres:kos_source_documents.normalized_text,1015,1,,include,,,beb7bf63d966ea456e1e2718e97bfdd38dec9df9f7c97b582f3f7f830f50b022,beb7bf63d966ea456e1e2718e97bfdd38dec9df9f7c97b582f3f7f830f50b022
kos:doc_4a75b2f2f23f2065,kos_source_document,doc_4a75b2f2f23f2065,https://carlevana.md/en/wine-festival-2025/,auto,active,active,true,postgres:kos_source_documents.normalized_text,2420,1,,include,,,,e369645022a63b629e4c2c07a2471863172d1e8583a3426d5e66e6d024e37a5b
kos:doc_4b50b678d95f7870,kos_source_document,doc_4b50b678d95f7870,https://carlevana.md/ru/den-vina-2025/,auto,active,active,true,postgres:kos_source_documents.normalized_text,2497,1,,include,,,,846db830c686206027e791f4910e9c112352668d5c8ff203dfaa4b972fc43d50
kos:doc_4bc76619217c119b,kos_source_document,doc_4bc76619217c119b,Cricova | Vinuri,ru,active,active,true,postgres:kos_source_documents.normalized_text,454,1,,include,,,fb424c531edc6b133bd8d3ec268ecd1276acb037447f334e8e81b8b8725c834c,fb424c531edc6b133bd8d3ec268ecd1276acb037447f334e8e81b8b8725c834c
kos:doc_4c3674f75bad7072,kos_source_document,doc_4c3674f75bad7072,Wine of Moldova - Carlevana Winery,ru,active,active,true,postgres:kos_source_documents.normalized_text,5290,5,,include,,,95cd8f0315a8c93e2128880b8f8bcb6389d19b46886eda3066a5080a1560e64f,95cd8f0315a8c93e2128880b8f8bcb6389d19b46886eda3066a5080a1560e64f
kos:doc_4dfeffe0686ed9a2,kos_source_document,doc_4dfeffe0686ed9a2,https://carlevana.md/ru/vinnie-turi/,auto,active,active,true,postgres:kos_source_documents.normalized_text,652,1,,include,,,,c1819213c2fee461148d48941799c5efd0055b277d513ee5bd82d2f3ef36d2be
kos:doc_4ee4c1f256c2a090,kos_source_document,doc_4ee4c1f256c2a090,https://carlevana.md/struguri-si-vin-feteasca-regala/,auto,active,active,true,postgres:kos_source_documents.normalized_text,6637,1,,include,,,,3d65e53c1028e4fba809925f87cd27696980270908e08f896d3ec59d471c97d8
kos:doc_505bd29e4a12efcf,kos_source_document,doc_505bd29e4a12efcf,https://wine.md/catalog/wine/vinuri-albe/pinot-gris/salcuta-pinot-gris,auto,active,active,true,postgres:kos_source_documents.normalized_text,669,1,5,include,,,,a851145525e41129e1290dad6a96ac7dd61942eecc978262d96dbb1498d3e8e9
kos:doc_5313ed3939019e59,kos_source_document,doc_5313ed3939019e59,https://cricova.md/ro/vinuri/vinuri/vintage,auto,active,active,,postgres:kos_source_documents.normalized_text,0,0,,exclude,text_unavailable,,,
kos:doc_53d373c2d9bd7457,kos_source_document,doc_53d373c2d9bd7457,Two awards for Merlotage wine,ru,active,active,true,postgres:kos_source_documents.normalized_text,748,1,,include,,,ca31a277464b26443cf97074997325f63993225f55c929c72f575a156ec963c1,ca31a277464b26443cf97074997325f63993225f55c929c72f575a156ec963c1
kos:doc_55147d2c9ce2c7f9,kos_source_document,doc_55147d2c9ce2c7f9,Degustare la spectacolul lui Masha Mashkova - INOSTRANKA,ru,active,active,true,postgres:kos_source_documents.normalized_text,395,1,,include,,,c493df6faf081ba4080e3219a961fa0dbed41a37f11e03a6e561dec81b4ba5ba,c493df6faf081ba4080e3219a961fa0dbed41a37f11e03a6e561dec81b4ba5ba
kos:doc_5786e1770e7cbc26,kos_source_document,doc_5786e1770e7cbc26,Fetească Regală grapes and wine,ru,active,active,true,postgres:kos_source_documents.normalized_text,3348,3,,include,,,de641f0c02f50ceb5871b19d4d34ccd3265ba4136a6b3d640e9df0b2b20aa7f3,de641f0c02f50ceb5871b19d4d34ccd3265ba4136a6b3d640e9df0b2b20aa7f3
kos:doc_59640891fb66b76c,kos_source_document,doc_59640891fb66b76c,https://cricova.md/ro/despre-noi/parteneri,auto,active,active,,postgres:kos_source_documents.normalized_text,0,0,,exclude,text_unavailable,,,
kos:doc_6099263035320093,kos_source_document,doc_6099263035320093,https://wine.md/catalog/wine/vinuri-rosii/tempranillo/fautor-tempranillo-2015,auto,pending,pending,,postgres:kos_source_documents.normalized_text,0,0,,exclude,status_not_active,,,
kos:doc_63981dcbc05c4731,kos_source_document,doc_63981dcbc05c4731,Cricova Orasul Subteran Feteasca Alba - Cricova,ru,active,active,true,postgres:kos_source_documents.normalized_text,902,1,6,include,,,f8de1c4e686621fd04e464a483d7f344dac6f3bb9815ac90e767c55569d29f04,f8de1c4e686621fd04e464a483d7f344dac6f3bb9815ac90e767c55569d29f04
kos:doc_64cc17b959a61b3b,kos_source_document,doc_64cc17b959a61b3b,https://carlevana.md/ru/vinograd-i-vino-fetyaska-regala/,auto,active,active,true,postgres:kos_source_documents.normalized_text,6448,1,,include,,,,19d9da3ae91cb4194d02fb3fa276e5b7bd0f21ff2836226c3e8c01d7fe0c2476
kos:doc_677cabd2940b28c6,kos_source_document,doc_677cabd2940b28c6,Cojusna Portvein,ru,active,active,true,postgres:kos_source_documents.normalized_text,3420,3,,include,,,088d15cc200a6132ea8e231040ca5c6b64a466ec1c6535b886c2c055c7da2ce4,088d15cc200a6132ea8e231040ca5c6b64a466ec1c6535b886c2c055c7da2ce4
kos:doc_67bb5d9d84eb6fac,kos_source_document,doc_67bb5d9d84eb6fac,https://carlevana.md/en/two-awards-for-merlotage-wine/,auto,active,active,true,postgres:kos_source_documents.normalized_text,1437,1,,include,,,,0d145fbc7ccca3b166b7c15cedff7954ad1c0bb4a30eeafa61e73a85f8109f40
kos:doc_6855d78027f0c972,kos_source_document,doc_6855d78027f0c972,Spectacol muzical „CHECK-UP” cu Danila Kozlovsky - degustare,ru,active,active,true,postgres:kos_source_documents.normalized_text,782,1,,include,,,76fde1d08f99c35cc1a4396764931e0b390576c2da9a62312563e0a05a13d164,76fde1d08f99c35cc1a4396764931e0b390576c2da9a62312563e0a05a13d164
kos:doc_69e344c669b2d722,kos_source_document,doc_69e344c669b2d722,https://wine.md/serviciul-clienti/politica-de-livrare,auto,active,active,true,postgres:kos_source_documents.normalized_text,2765,1,,include,,,,ea9545969bbbeb7ef90ec06ead1fe9ae26f80b27c11ca7208c8fbd2118183371
kos:doc_6c98876312e96c91,kos_source_document,doc_6c98876312e96c91,https://cricova.md/ro/despre-noi/contacte,auto,active,active,,postgres:kos_source_documents.normalized_text,0,0,,exclude,text_unavailable,,,
kos:doc_6e0b066685697489,kos_source_document,doc_6e0b066685697489,National Wine Day 2025,ru,active,active,true,postgres:kos_source_documents.normalized_text,1231,2,,include,,,eb5175361edbdb54ec810ed189451a3a048572437c7f0ab8e8a5a2e74280f205,eb5175361edbdb54ec810ed189451a3a048572437c7f0ab8e8a5a2e74280f205
kos:doc_70ab7a00f2eccff9,kos_source_document,doc_70ab7a00f2eccff9,https://cricova.md/ro/cos,auto,active,active,,postgres:kos_source_documents.normalized_text,0,0,,exclude,text_unavailable,,,
kos:doc_719c83cdbc36574f,kos_source_document,doc_719c83cdbc36574f,Cricova - Despre Noi: Istoria,ru,active,active,true,postgres:kos_source_documents.normalized_text,7171,7,,include,,,c35f7bca52755d52b93929a04d915935a6f79f6bea1be3c69de6b60c982c7a38,c35f7bca52755d52b93929a04d915935a6f79f6bea1be3c69de6b60c982c7a38
kos:doc_71c808961b44cdfd,kos_source_document,doc_71c808961b44cdfd,https://carlevana.md/en/international-cabernet-sauvignon-day/,auto,active,active,true,postgres:kos_source_documents.normalized_text,2498,1,,include,,,,7dba44f56510755b24c28e14c9c76aa6f9c736cecdd0cbe85034c9d40ee44e44
kos:doc_722a09ba65b740ee,kos_source_document,doc_722a09ba65b740ee,Cricova - Despre Noi: Transparență,ru,active,active,true,postgres:kos_source_documents.normalized_text,20541,18,,include,,,f1f458ac0e5aaabbe406f6e5b3abec50e26d15c78a9318e16bc5b94d34505a8c,f1f458ac0e5aaabbe406f6e5b3abec50e26d15c78a9318e16bc5b94d34505a8c
kos:doc_7330c2d72358aa63,kos_source_document,doc_7330c2d72358aa63,https://cricova.md/ro/blog/gallery,auto,active,active,,postgres:kos_source_documents.normalized_text,0,0,,exclude,text_unavailable,,,
kos:doc_742adbe4cb0d8ae2,kos_source_document,doc_742adbe4cb0d8ae2,Cricova - Oaspeți,ru,active,active,true,postgres:kos_source_documents.normalized_text,3358,3,,include,,,3e0051152049470657cb2cb78208546848597553f61a03ff114347f42224f91f,3e0051152049470657cb2cb78208546848597553f61a03ff114347f42224f91f
kos:doc_76b34b791878082d,kos_source_document,doc_76b34b791878082d,Bostavan Floare de Dor - Bostavan,ru,active,active,true,postgres:kos_source_documents.normalized_text,392,1,7,include,,,158da902e3ba0bf6edf0f6a3827cacfa4954620997c917fb2b9d5c5a42dae0ba,158da902e3ba0bf6edf0f6a3827cacfa4954620997c917fb2b9d5c5a42dae0ba
kos:doc_78be99f091a1496b,kos_source_document,doc_78be99f091a1496b,https://carlevana.md/ru/degustaciya-na-spektakle-mashi-mashkovoy-inostranka/,auto,active,active,true,postgres:kos_source_documents.normalized_text,701,1,,include,,,,d94760e5b5b1428d8f2f80f10d5919e7039bf29cdb9c1582d58b84369409e45c
kos:doc_78dbd315b54291f9,kos_source_document,doc_78dbd315b54291f9,Vinăria Carlevana Moldova,ru,active,active,true,postgres:kos_source_documents.normalized_text,2067,2,,include,,,455a2474400e81275eb40528964782364918a5c3b4e6fdbb2391c318f744db4b,455a2474400e81275eb40528964782364918a5c3b4e6fdbb2391c318f744db4b
kos:doc_799eec91613b9bcb,kos_source_document,doc_799eec91613b9bcb,Винный тур с дегустацией на винодельню Carlevana,ru,active,active,true,postgres:kos_source_documents.normalized_text,3530,3,,include,,,1cca110b66cfd01b890d1c861bb3d9f021a7f85958b2be0c955c4bfe24a4932d,1cca110b66cfd01b890d1c861bb3d9f021a7f85958b2be0c955c4bfe24a4932d
kos:doc_7a052f136235156f,kos_source_document,doc_7a052f136235156f,Cricova,ru,active,active,true,postgres:kos_source_documents.normalized_text,7839,8,,include,,,09f248f58795b6799d7c6a771a9e9666ff2881af1fb4487ae51094c57a0e0b19,09f248f58795b6799d7c6a771a9e9666ff2881af1fb4487ae51094c57a0e0b19
kos:doc_7bdfb42e804d3004,kos_source_document,doc_7bdfb42e804d3004,https://wine.md/catalog/wine/vinuri-rosii/cabernet-sauvignon/,auto,active,active,true,postgres:kos_source_documents.normalized_text,3381,1,,include,,,,60a401a1c11bde107c0dfeac3d411a41a7560a641251d5f23bbbff812d06c2f3
kos:doc_7e1f428647f41cc9,kos_source_document,doc_7e1f428647f41cc9,https://aurelius.md/,auto,active,active,true,postgres:kos_source_documents.normalized_text,55903,1,2,include,,,,9cfeec5337c07a680731fcafc63cc571a733ba7a97f972eb1b4fe71f3570748c
kos:doc_801ecf52e3e858bb,kos_source_document,doc_801ecf52e3e858bb,https://carlevana.md/doua-premii-pentru-vinul-merlotage/,auto,active,active,true,postgres:kos_source_documents.normalized_text,1640,1,,include,,,,d888c66456b3b0f696a5a5f783ba00e75dda7589a05e335462cdf8b577f3a258
kos:doc_8021984b49761e89,kos_source_document,doc_8021984b49761e89,Национальный День Вина 2025,ru,active,active,true,postgres:kos_source_documents.normalized_text,894,1,,include,,,205764ef51ec74ffaed553a584c9d2752170387efc3f25cd98d5be0939eb9c96,205764ef51ec74ffaed553a584c9d2752170387efc3f25cd98d5be0939eb9c96
kos:doc_80955e22e0f0828a,kos_source_document,doc_80955e22e0f0828a,https://aurelius.md/ru/,auto,active,active,true,postgres:kos_source_documents.normalized_text,55903,1,2,include,,,,9cfeec5337c07a680731fcafc63cc571a733ba7a97f972eb1b4fe71f3570748c
kos:doc_817d6223555cbf1b,kos_source_document,doc_817d6223555cbf1b,https://carlevana.md/vernisajul-vinului-editia-xxiv/,auto,active,active,true,postgres:kos_source_documents.normalized_text,664,1,,include,,,,d67f1483e6773a4bf3012b1af61b497aaa76c5abdfaaa6bd5abf4547bc456740
kos:doc_82c05a52eee9f36f,kos_source_document,doc_82c05a52eee9f36f,Aurelius,ru,active,active,true,postgres:kos_source_documents.normalized_text,20368,17,1,include,,,418928c275aaee399908dc3e5db5f42433358977db37cef28b44df621346e755,418928c275aaee399908dc3e5db5f42433358977db37cef28b44df621346e755
kos:doc_8331b801402ec585,kos_source_document,doc_8331b801402ec585,https://carlevana.md/ru/orange-wine-tehnologiya-proizvodstva-istoricheskiy-ekskurs-izvestnye-marki/,auto,active,active,true,postgres:kos_source_documents.normalized_text,7935,1,,include,,,,f91cd7a7aa3bfccfca5bfa8dc82fc364043eecc49a36b0c21b9e71de91f8b9f5
kos:doc_839ff651caa5c2cb,kos_source_document,doc_839ff651caa5c2cb,https://wine.md/catalog/wine/vinuri-roze/timbrus-rose,auto,active,active,true,postgres:kos_source_documents.normalized_text,569,1,8,include,,,,ff61a79a59187392da9dd62080a9314e32802a1f8cc0f95cd62d03d7c28a35c8
kos:doc_842601ab6fff04ff,kos_source_document,doc_842601ab6fff04ff,https://carlevana.md/ru/raritet-merlotage-medals/,auto,active,active,true,postgres:kos_source_documents.normalized_text,1509,1,,include,,,,6790d5f5d735132e87e084d6e7365d2df00ac9c7601eaceca2da580fdb58aec8
kos:doc_8573813859b0725f,kos_source_document,doc_8573813859b0725f,Sare de mare cu vin rosu / 125 gr,ru,active,active,true,postgres:kos_source_documents.normalized_text,3246,3,,include,,,77f11d6695f6c6e4fad2aa42444ca1d79b106f224e4342cb9ecadd184aeabd94,77f11d6695f6c6e4fad2aa42444ca1d79b106f224e4342cb9ecadd184aeabd94
kos:doc_86268be2a66b063e,kos_source_document,doc_86268be2a66b063e,Selections mondiales des vins - Carlevana winery,ru,active,active,true,postgres:kos_source_documents.normalized_text,536,1,,include,,,13696208df6412a32edf55b6d10a70957cc1d49fd22e134e0e378a23bde54e76,13696208df6412a32edf55b6d10a70957cc1d49fd22e134e0e378a23bde54e76
kos:doc_86b82b9c93dead77,kos_source_document,doc_86b82b9c93dead77,https://cricova.md/ro,auto,active,active,true,postgres:kos_source_documents.normalized_text,1155,1,,include,,,,75dfafef314983caad1b0b2fff03a65b4b5e972d157515505b642be973db9a04
kos:doc_8a1239448e1f1b0d,kos_source_document,doc_8a1239448e1f1b0d,https://carlevana.md/vin-din-struguri-pinot-noir/,auto,active,active,true,postgres:kos_source_documents.normalized_text,9273,1,,include,,,,e3096262b21c5767c5e8ffd5d875c3c7a6be8fa14323a0c8c34b0c41cbad8947
kos:doc_8a56b627fcdea2e9,kos_source_document,doc_8a56b627fcdea2e9,Salcuta Pinot Grigio - Salcuta,ru,active,active,true,postgres:kos_source_documents.normalized_text,669,1,5,include,,,a851145525e41129e1290dad6a96ac7dd61942eecc978262d96dbb1498d3e8e9,a851145525e41129e1290dad6a96ac7dd61942eecc978262d96dbb1498d3e8e9
kos:doc_8a8eeea0fe59c9e1,kos_source_document,doc_8a8eeea0fe59c9e1,Chateau Vartely Select Feteasca Regala - Chateau Vartely,ru,active,active,true,postgres:kos_source_documents.normalized_text,898,1,9,include,,,7f3c5623513635c3b7bb4cb19a76291f66262b148e5e33f08e3e2eb67b2e55f4,7f3c5623513635c3b7bb4cb19a76291f66262b148e5e33f08e3e2eb67b2e55f4
kos:doc_8b6429ea2ea6da29,kos_source_document,doc_8b6429ea2ea6da29,https://carlevana.md/tur-vinicol/,auto,active,active,true,postgres:kos_source_documents.normalized_text,562,1,,include,,,,d240672feb7d40f84b6dbde06b058538bd40f338ec35f5932049de7ec0e70998
kos:doc_8b79f76844cd7586,kos_source_document,doc_8b79f76844cd7586,https://carlevana.md/ziua-vinului-2025/,auto,active,active,true,postgres:kos_source_documents.normalized_text,2671,1,,include,,,,21f484199fbdc60835e045e4314da87a06e4d9aab94a9658142ea7f97771244f
kos:doc_8f93b4c10905109a,kos_source_document,doc_8f93b4c10905109a,https://cricova.md/ro/vinuri/vinuri/hartie,auto,active,active,,postgres:kos_source_documents.normalized_text,0,0,,exclude,text_unavailable,,,
kos:doc_9071ea6774c25a7f,kos_source_document,doc_9071ea6774c25a7f,Tur vinicol,ru,active,active,true,postgres:kos_source_documents.normalized_text,283,1,,include,,,7f015b0c96b70325ceda3de32dbdcd943d0994c3918f5caebe6293bdfc771cb0,7f015b0c96b70325ceda3de32dbdcd943d0994c3918f5caebe6293bdfc771cb0
kos:doc_92ab1563f344131f,kos_source_document,doc_92ab1563f344131f,Винный Вернисаж – 24-е издание - Carlevana winery,ru,active,active,true,postgres:kos_source_documents.normalized_text,317,1,,include,,,5144b75525389486e571f459986848ce9a7a63c8f4c940d1a5c93cea69f8e9ba,5144b75525389486e571f459986848ce9a7a63c8f4c940d1a5c93cea69f8e9ba
kos:doc_93c4ee376df56b87,kos_source_document,doc_93c4ee376df56b87,https://cricova.md/ro/despre-noi/transparenta,auto,active,active,,postgres:kos_source_documents.normalized_text,0,0,,exclude,text_unavailable,,,
kos:doc_94895385d133856b,kos_source_document,doc_94895385d133856b,Politica de Livrare,ru,active,active,true,postgres:kos_source_documents.normalized_text,2789,3,,include,,,37d0246d73a3b78f8b5b3769d4aac7fa3cb9d11798aae8ec3c7c0e120ee283de,37d0246d73a3b78f8b5b3769d4aac7fa3cb9d11798aae8ec3c7c0e120ee283de
kos:doc_97f74d558330fc5f,kos_source_document,doc_97f74d558330fc5f,Cabernet Sauvignon,ru,active,active,true,postgres:kos_source_documents.normalized_text,2536,2,,include,,,b98a7a350a3b5484ee760d6c44d3336d61451ea944a0097c80787eb77e6ccfe4,b98a7a350a3b5484ee760d6c44d3336d61451ea944a0097c80787eb77e6ccfe4
kos:doc_986dfb3053a290b5,kos_source_document,doc_986dfb3053a290b5,Turism - Purcari Wineries        Purcari Wineries,ro,active,active,true,postgres:kos_source_documents.normalized_text,5511,5,,include,,,476f5738d14e34e64f87b633da92d263e42b834b205b7b81b06f59a50065dc1d,476f5738d14e34e64f87b633da92d263e42b834b205b7b81b06f59a50065dc1d
kos:doc_9988466a987ea434,kos_source_document,doc_9988466a987ea434,https://carlevana.md/ziua-nationala-a-vinului-2025/,auto,active,active,true,postgres:kos_source_documents.normalized_text,1949,1,,include,,,,7fd46440b80d7ff8b118d8a7df1242a0786bfc9a6d7858578700be9417991c2a
kos:doc_99a7f0bd1bf64bc9,kos_source_document,doc_99a7f0bd1bf64bc9,Вино из винограда Пино Нуар,ru,active,active,true,postgres:kos_source_documents.normalized_text,5056,5,,include,,,3cfe833583f314f6c58f4a1c95daa9eea36b2980c5441a081ffca5daa2e1d7db,3cfe833583f314f6c58f4a1c95daa9eea36b2980c5441a081ffca5daa2e1d7db
kos:doc_9c6d9c5d62bcc335,kos_source_document,doc_9c6d9c5d62bcc335,https://wine.md/pinot-gris-de-purcari-3333,auto,pending,pending,,postgres:kos_source_documents.normalized_text,0,0,,exclude,status_not_active,,,
kos:doc_9c8c4f0e504ac3c3,kos_source_document,doc_9c8c4f0e504ac3c3,Muscat,ru,active,active,true,postgres:kos_source_documents.normalized_text,2512,2,,include,,,a345343fae38432f79430392b36e278e946aad5f1e828ce590336a5630a8c14b,a345343fae38432f79430392b36e278e946aad5f1e828ce590336a5630a8c14b
kos:doc_9f023050ad52f042,kos_source_document,doc_9f023050ad52f042,https://wine.md/,auto,active,active,true,postgres:kos_source_documents.normalized_text,435,1,,include,,,,492c0489bd349e1d4f35ddda836bea234a8bb46f214b9fd344316a7fe3e24d99
kos:doc_a12f405ac3a880c2,kos_source_document,doc_a12f405ac3a880c2,https://carlevana.md/orange-wine-tehnologia-de-producere-excurs-istoric-marci-renumite/,auto,active,active,true,postgres:kos_source_documents.normalized_text,8432,1,,include,,,,c67734a85daacfa8bc734f7e2b683e07bd01b30ae92c4c9dbefc81f7b024adea
kos:doc_a135175bcb78e5b9,kos_source_document,doc_a135175bcb78e5b9,https://carlevana.md/selections-mondiales-des-vins/,auto,active,active,true,postgres:kos_source_documents.normalized_text,1121,1,,include,,,,b8b06499233edb1b8de20d14e39900ce673e763490cfb2b7361bd86d2d8269d6
kos:doc_a2d46c2f03188098,kos_source_document,doc_a2d46c2f03188098,Винный маршрут — Кишинёв,ru,active,active,true,postgres:kos_source_documents.normalized_text,9011,8,,include,,,69b51b0bc05fdaf130eec1322d0cd7c51159378b51196d600a8373255f47c31a,69b51b0bc05fdaf130eec1322d0cd7c51159378b51196d600a8373255f47c31a
kos:doc_a30cc83871471486,kos_source_document,doc_a30cc83871471486,https://carlevana.md/spectacol-muzical-check-up-cu-danila-kozlovsky-degustare/,auto,active,active,true,postgres:kos_source_documents.normalized_text,1558,1,,include,,,,6ef5a4930a5c86b5cc87858f6823e4f59a859528e0e70bc729859fe754f539d4
kos:doc_a634a35e66ac7346,kos_source_document,doc_a634a35e66ac7346,https://wine.md/catalog/wine/vinuri-albe/aligote/agrici-wine-aligote-and-chardonnay,auto,active,active,true,postgres:kos_source_documents.normalized_text,3317,1,,include,,,,59ea402272b8e55702f047389d522a00c51b12790d94b1a848cb6af85bbaca72
kos:doc_a659f3ff6e1759c1,kos_source_document,doc_a659f3ff6e1759c1,"Asconi Winery | Asconi Winery is a family business, which aims at producing the best possible wine.",en,active,active,true,postgres:kos_source_documents.normalized_text,3291,3,,include,,,5e9c56855698fb9e5cf250c99f8de8bee3c5af5c8eb9c44bdb350266cf853cbc,5e9c56855698fb9e5cf250c99f8de8bee3c5af5c8eb9c44bdb350266cf853cbc
kos:doc_a8683c71be2e249d,kos_source_document,doc_a8683c71be2e249d,https://cricova.md/ro/oaspeti,auto,active,active,,postgres:kos_source_documents.normalized_text,0,0,,exclude,text_unavailable,,,
kos:doc_a87c16598ddcd104,kos_source_document,doc_a87c16598ddcd104,https://carlevana.md/ru/moldavskoe-vino/,auto,active,active,true,postgres:kos_source_documents.normalized_text,10827,1,,include,,,,8b0694c84297f380b3e948b002418c121363167ab67d2bda52295f484b19c456
kos:doc_a8bfc24f93a8fc84,kos_source_document,doc_a8bfc24f93a8fc84,https://wine.md/catalog/spirtoase/cognac-6369/cricova-divin-5-ani,auto,pending,pending,,postgres:kos_source_documents.normalized_text,0,0,,exclude,status_not_active,,,
kos:doc_a9f445eaaebb1af4,kos_source_document,doc_a9f445eaaebb1af4,https://carlevana.md/en/exclusive-brunch-at-carlevana-winery/,auto,active,active,true,postgres:kos_source_documents.normalized_text,1340,1,,include,,,,c22c43aac2963ed6c40de5acbb60472c9eb616fe85758830207f073994abf9c0
kos:doc_ac94542616c20229,kos_source_document,doc_ac94542616c20229,Home - Chateau Vartely,en,active,active,true,postgres:kos_source_documents.normalized_text,3263,3,,include,,,d8d49ca1912674b921a8d6b3c6872846c87de0ab1cbec6e3782576c95a3e8cf2,d8d49ca1912674b921a8d6b3c6872846c87de0ab1cbec6e3782576c95a3e8cf2
kos:doc_b2e0bd8edde7d0fb,kos_source_document,doc_b2e0bd8edde7d0fb,https://wine.md/catalog/wine/vinuri-dulci/traminer/bostavan-floare-de-dor,auto,active,active,true,postgres:kos_source_documents.normalized_text,392,1,7,include,,,,158da902e3ba0bf6edf0f6a3827cacfa4954620997c917fb2b9d5c5a42dae0ba
kos:doc_b3c31f1c79be1ee2,kos_source_document,doc_b3c31f1c79be1ee2,Două premii pentru vinul Merlotage,ru,active,active,true,postgres:kos_source_documents.normalized_text,852,1,,include,,,688d83902034bfe98d57f5caa871e41d327fe8bb7a0d50e380c9dab7e08f96cd,688d83902034bfe98d57f5caa871e41d327fe8bb7a0d50e380c9dab7e08f96cd
kos:doc_b417e5bfac957125,kos_source_document,doc_b417e5bfac957125,Новости: винные туры,ru,active,active,true,postgres:kos_source_documents.normalized_text,310,1,,include,,,4be039a61a925a52b0740e0dfa00284341d0628a795fc02484d82c54e7b00390,4be039a61a925a52b0740e0dfa00284341d0628a795fc02484d82c54e7b00390
kos:doc_b4be87305416a651,kos_source_document,doc_b4be87305416a651,Catalog vinuri - Wine.md,ru,active,active,true,postgres:kos_source_documents.normalized_text,239,1,,include,,,fbb5a08c509bc830c35e46d7469509df23ef86fea5ed7a7d5ad483672509b850,fbb5a08c509bc830c35e46d7469509df23ef86fea5ed7a7d5ad483672509b850
kos:doc_b61735845a658fb3,kos_source_document,doc_b61735845a658fb3,https://carlevana.md/en/wine-degustation-at-masha-mashkovas-performance-foreigner/,auto,active,active,true,postgres:kos_source_documents.normalized_text,760,1,,include,,,,97ff6d380da14fabff1ec169601551ad05e53bfebc25cc9c10fd8f6bf8acc69b
kos:doc_b69e81a8f31e02b6,kos_source_document,doc_b69e81a8f31e02b6,Cricova - Despre Noi: Sustenabilitate,ru,active,active,true,postgres:kos_source_documents.normalized_text,5441,5,,include,,,32318f5525481bb19151f5d61999a75b593522fb1de71fa24b8b0224a472bfad,32318f5525481bb19151f5d61999a75b593522fb1de71fa24b8b0224a472bfad
kos:doc_b723081449718657,kos_source_document,doc_b723081449718657,https://carlevana.md/,auto,active,active,true,postgres:kos_source_documents.normalized_text,2016,1,,include,,,,15b89bd54ea8d9578f4faf5f123e222ebe3ef4bac1ccd0fbc6d5193ac94b5505
kos:doc_b80fea874c26ce38,kos_source_document,doc_b80fea874c26ce38,https://carlevana.md/ru/vino-vinogrd-pino-nuar/,auto,active,active,true,postgres:kos_source_documents.normalized_text,8877,1,,include,,,,3a2c0ca41006fbc8d06f8d131bca86b374a178be37d35a6b682381a6d464b606
kos:doc_bc4684885689c48c,kos_source_document,doc_bc4684885689c48c,"Orange Wine: production technology, historical background, and famous brands",ru,active,active,true,postgres:kos_source_documents.normalized_text,4086,4,,include,,,ffe6ae97d360ec60a3c8872695064dac46d5b470ed2079353c80ede00c2c44cc,ffe6ae97d360ec60a3c8872695064dac46d5b470ed2079353c80ede00c2c44cc
kos:doc_be5a3ebb2edfb50d,kos_source_document,doc_be5a3ebb2edfb50d,Degustare la spectacolul lui Masha Mashkova - INOSTRANKA,ru,active,active,true,postgres:kos_source_documents.normalized_text,405,1,,include,,,f16818ea5c40face1f2d24f0dbd413c48436a54cca499c1ab84d3d34e0a893de,f16818ea5c40face1f2d24f0dbd413c48436a54cca499c1ab84d3d34e0a893de
kos:doc_be7cd7fa4b4022f0,kos_source_document,doc_be7cd7fa4b4022f0,Agrici Wine Aligote & Chardonnay,ru,active,active,true,postgres:kos_source_documents.normalized_text,3452,3,,include,,,7feb847a9df1322818d65556b11c5dae4f9f18b28f538deed8693d02174cb190,7feb847a9df1322818d65556b11c5dae4f9f18b28f538deed8693d02174cb190
kos:doc_c0cf60e81fccd62a,kos_source_document,doc_c0cf60e81fccd62a,Cricova | Vinuri - Seria 1952,ru,active,active,true,postgres:kos_source_documents.normalized_text,176,1,,include,,,02af57b9b11d928dc2f3b28f79f9188919ddd0879b6f521b79e4e3fef0cf3e2f,02af57b9b11d928dc2f3b28f79f9188919ddd0879b6f521b79e4e3fef0cf3e2f
kos:doc_c23bfc8659680b1c,kos_source_document,doc_c23bfc8659680b1c,Castel Mimi - First 5-Star Zero Emission Wine Resort,en,active,active,true,postgres:kos_source_documents.normalized_text,2082,2,,include,,,74b61604a7475d74ecf34bebcb27132ae5d96493722db18a0d4ce3417b533b18,74b61604a7475d74ecf34bebcb27132ae5d96493722db18a0d4ce3417b533b18
kos:doc_c2b4644f051072d5,kos_source_document,doc_c2b4644f051072d5,Home - Etcetera,en,active,active,true,postgres:kos_source_documents.normalized_text,1803,2,,include,,,0f1ae4997661b3f979a67347945282ff4dfa7dcf70c4a6c2218ea654ce25ff23,0f1ae4997661b3f979a67347945282ff4dfa7dcf70c4a6c2218ea654ce25ff23
kos:doc_c312ed4fc307fcac,kos_source_document,doc_c312ed4fc307fcac,Ziua Națională a Vinului 2025,ru,active,active,true,postgres:kos_source_documents.normalized_text,1414,2,,include,,,7b14d216a8914be819224cf06dc0412abedacec6a7e20648cdd6fccb14064acb,7b14d216a8914be819224cf06dc0412abedacec6a7e20648cdd6fccb14064acb
kos:doc_c3bfc2a9b41a6187,kos_source_document,doc_c3bfc2a9b41a6187,https://wine.md/cricova-traminer-2846,auto,pending,pending,,postgres:kos_source_documents.normalized_text,0,0,,exclude,status_not_active,,,
kos:doc_c4e75ed2b4025435,kos_source_document,doc_c4e75ed2b4025435,Creative evening with Narine Abgaryan: “Live On” - Carlevana winery,ru,active,active,true,postgres:kos_source_documents.normalized_text,741,1,,include,,,706b663c2edbf86110f0f096ac7d0ef0f4ba51bcdbd838c4f76e2ffe6938e725,706b663c2edbf86110f0f096ac7d0ef0f4ba51bcdbd838c4f76e2ffe6938e725
kos:doc_c796486daac26282,kos_source_document,doc_c796486daac26282,https://cricova.md/ro/vinuri/vinuri/grigore-vieru,auto,active,active,,postgres:kos_source_documents.normalized_text,0,0,,exclude,text_unavailable,,,
kos:doc_c89a3d81684ff2e3,kos_source_document,doc_c89a3d81684ff2e3,Timbrus Purcari Estate Rose - Timbrus Purcari Estate,ru,active,active,true,postgres:kos_source_documents.normalized_text,569,1,8,include,,,ff61a79a59187392da9dd62080a9314e32802a1f8cc0f95cd62d03d7c28a35c8,ff61a79a59187392da9dd62080a9314e32802a1f8cc0f95cd62d03d7c28a35c8
kos:doc_ca7124566d2bbe26,kos_source_document,doc_ca7124566d2bbe26,Cricova Divin 7 ani - Cricova,ru,active,active,true,postgres:kos_source_documents.normalized_text,902,1,6,include,,,f8de1c4e686621fd04e464a483d7f344dac6f3bb9815ac90e767c55569d29f04,f8de1c4e686621fd04e464a483d7f344dac6f3bb9815ac90e767c55569d29f04
kos:doc_ce6c5a5a278cfa8b,kos_source_document,doc_ce6c5a5a278cfa8b,https://carlevana.md/en/the-musical-performance-check-up-with-danila-kozlovsky-degustation/,auto,active,active,true,postgres:kos_source_documents.normalized_text,1610,1,,include,,,,1ed96a8fc957d7550d3a99574dc3e046ab63c317d7a6e01175a4293d4394e294
kos:doc_d030a291a3395b12,kos_source_document,doc_d030a291a3395b12,https://carlevana.md/ru/eksklyuzivnyy-branch-na-vinodelne-carlevana/,auto,active,active,true,postgres:kos_source_documents.normalized_text,1358,1,,include,,,,7272959a116d6d46d308f74eb54fda7ef7959dbbac55d41f0f8159d8a01e1163
kos:doc_d08a26adb7dffaf9,kos_source_document,doc_d08a26adb7dffaf9,https://wine.md/catalog/wine/vinuri-rosii/shiraz/vinaria-din-vale-shiraz,auto,pending,pending,,postgres:kos_source_documents.normalized_text,0,0,,exclude,status_not_active,,,
kos:doc_d0bf87e3a9b4d301,kos_source_document,doc_d0bf87e3a9b4d301,Cricova - Excursii,ru,active,active,true,postgres:kos_source_documents.normalized_text,5959,5,,include,,,c34bf422cb4f1f6a83f6ee6f6cc9ef157c0c1b73de4e27d16435ba891aac85e4,c34bf422cb4f1f6a83f6ee6f6cc9ef157c0c1b73de4e27d16435ba891aac85e4
kos:doc_d1f0cccb811e8da3,kos_source_document,doc_d1f0cccb811e8da3,https://cricova.md/ro/vinuri/vinuri/elogiu,auto,active,active,,postgres:kos_source_documents.normalized_text,0,0,,exclude,text_unavailable,,,
kos:doc_d21c20c3e9a6d279,kos_source_document,doc_d21c20c3e9a6d279,https://wine.md/catalog/spirtoase/cognac-6369/cricova-divin-7,auto,active,active,true,postgres:kos_source_documents.normalized_text,902,1,6,include,,,,f8de1c4e686621fd04e464a483d7f344dac6f3bb9815ac90e767c55569d29f04
kos:doc_d22fae0d144efeb5,kos_source_document,doc_d22fae0d144efeb5,https://carlevana.md/ru/wine-vernissage-24th-edition-2/,auto,active,active,true,postgres:kos_source_documents.normalized_text,622,1,,include,,,,498281d70fcf9185c899f2deeb75061378b34a4340d75d876eec7cc642a72ff5
kos:doc_d23307eb26b2830b,kos_source_document,doc_d23307eb26b2830b,https://wine.md/catalog/vinuri-spumante/muscat/vinaria-poiana-muscat-demisec,auto,pending,pending,,postgres:kos_source_documents.normalized_text,0,0,,exclude,status_not_active,,,
kos:doc_d244218fbffdfcc1,kos_source_document,doc_d244218fbffdfcc1,https://wine.md/catalog/wine/,auto,active,active,true,postgres:kos_source_documents.normalized_text,3090,1,,include,,,,1770f7d1fce7f724b8f78c6540fb111a21903d05725c2225b258e6ee63bb4743
kos:doc_d381e3a19b457fbc,kos_source_document,doc_d381e3a19b457fbc,Cricova - Despre Noi: Contacte,ru,active,active,true,postgres:kos_source_documents.normalized_text,3297,3,,include,,,926de3e1cd0a1786b97f79a7e8136c07039f6e4d970a02908346f2fd31c622b5,926de3e1cd0a1786b97f79a7e8136c07039f6e4d970a02908346f2fd31c622b5
kos:doc_d3d623f0448e461f,kos_source_document,doc_d3d623f0448e461f,Ziua Națională a Vinului 2025,ru,active,active,true,postgres:kos_source_documents.normalized_text,984,1,,include,,,613d4629469a250f90b162131637caa3fab7d21604d6fb397ede674e1adeb3aa,613d4629469a250f90b162131637caa3fab7d21604d6fb397ede674e1adeb3aa
kos:doc_d415028a111a99ab,kos_source_document,doc_d415028a111a99ab,https://carlevana.md/ru/selections-mondiales-des-vins-3/,auto,active,active,true,postgres:kos_source_documents.normalized_text,1073,1,,include,,,,52c561ad3d141943fbd020921f35ee2c13ed88d32d7e901acd216ce931490293
kos:doc_d54837aa7ae7d21d,kos_source_document,doc_d54837aa7ae7d21d,https://wine.md/cricova-sauvignon-blanc-prestige-2728,auto,pending,pending,,postgres:kos_source_documents.normalized_text,0,0,,exclude,status_not_active,,,
kos:doc_d58090466864c9ae,kos_source_document,doc_d58090466864c9ae,Vin din struguri Pinot Noir,ru,active,active,true,postgres:kos_source_documents.normalized_text,5289,5,,include,,,00aa1f54589abc838b8957bf7d259c4105328900008b82e8ac8a061dbd0d188d,00aa1f54589abc838b8957bf7d259c4105328900008b82e8ac8a061dbd0d188d
kos:doc_d8a898b3cc840aaa,kos_source_document,doc_d8a898b3cc840aaa,https://cricova.md/ro/vinuri/vinuri/editie-limitata,auto,active,active,,postgres:kos_source_documents.normalized_text,0,0,,exclude,text_unavailable,,,
kos:doc_d940bf293fa48af6,kos_source_document,doc_d940bf293fa48af6,https://wine.md/orasul-subteran-feteasca-alba-3253,auto,active,active,true,postgres:kos_source_documents.normalized_text,902,1,6,include,,,,f8de1c4e686621fd04e464a483d7f344dac6f3bb9815ac90e767c55569d29f04
kos:doc_d9c861cf0de19d94,kos_source_document,doc_d9c861cf0de19d94,https://wine.md/catalog/wine/vinuri-dulci/de-fructe/denovie-di-fruct-cherry,auto,active,active,true,postgres:kos_source_documents.normalized_text,3274,1,,include,,,,327f9d1bb1bc52e46d39177d6f586556b15512943765826dc0732cd2daa4de4c
kos:doc_d9d6a16eb52c2df9,kos_source_document,doc_d9d6a16eb52c2df9,https://wine.md/content/excursie-cricova,auto,active,active,true,postgres:kos_source_documents.normalized_text,4564,1,,include,,,,beecf2d9168f94b0aa2c0a7f8502bb6f0f6efeb12cedb397cd764b51cba5ed57
kos:doc_dce333c430e4fd8a,kos_source_document,doc_dce333c430e4fd8a,https://cricova.md/ro/excursii,auto,active,active,,postgres:kos_source_documents.normalized_text,0,0,,exclude,text_unavailable,,,
kos:doc_dd5dd73f004c1d3a,kos_source_document,doc_dd5dd73f004c1d3a,https://carlevana.md/ru/tvorcheskiy-vecher-narine-abgaryan-dalshe-zhit/,auto,active,active,true,postgres:kos_source_documents.normalized_text,1388,1,,include,,,,7f36d9927cdcc2c6153c088bd835273db72975ce0acfde9b76fddd7e2279f125
kos:doc_de16cfdfd0a96fa4,kos_source_document,doc_de16cfdfd0a96fa4,https://cricova.md/ro/blog/noutati,auto,active,active,,postgres:kos_source_documents.normalized_text,0,0,,exclude,text_unavailable,,,
kos:doc_de573385563c046c,kos_source_document,doc_de573385563c046c,https://cricova.md/ro/blog,auto,active,active,,postgres:kos_source_documents.normalized_text,0,0,,exclude,text_unavailable,,,
kos:doc_de69397673b9fd34,kos_source_document,doc_de69397673b9fd34,https://carlevana.md/en/wine-tours/,auto,active,active,true,postgres:kos_source_documents.normalized_text,566,1,,include,,,,a23b651753f7a75dcbee77cef2a778f9e2a8e7d2589bacf1714bc19159fa506d
kos:doc_dee0311ba5f229ea,kos_source_document,doc_dee0311ba5f229ea,Cabernet Sauvignon,ru,active,active,true,postgres:kos_source_documents.normalized_text,2552,2,,include,,,09614a66bfeb003141a39775b91de3ea2e6f85de4064c7c4748b510143c9b146,09614a66bfeb003141a39775b91de3ea2e6f85de4064c7c4748b510143c9b146
kos:doc_e1416df8f924edd6,kos_source_document,doc_e1416df8f924edd6,Ziua internațională a soiului Cabernet Sauvignon - Carlevana winery,ru,active,active,true,postgres:kos_source_documents.normalized_text,1356,2,,include,,,caf0efe21104c728e600a28de97594da21ca2a2eccc277eeda12c6be33a7b761,caf0efe21104c728e600a28de97594da21ca2a2eccc277eeda12c6be33a7b761
kos:doc_e1a458117f7e6a69,kos_source_document,doc_e1a458117f7e6a69,https://wine.md/catalog/gifts/cadouri-paste-2020/,auto,active,active,true,postgres:kos_source_documents.normalized_text,1974,1,,include,,,,bbc54c4551b8475090b7f943f67ad4dc112cd373bd66cd36c6f54bb93afbdb8c
kos:doc_e39429fafd33cead,kos_source_document,doc_e39429fafd33cead,https://aurelius.md/en/,auto,active,active,true,postgres:kos_source_documents.normalized_text,55903,1,2,include,,,,9cfeec5337c07a680731fcafc63cc571a733ba7a97f972eb1b4fe71f3570748c
kos:doc_e3a649d45ce04772,kos_source_document,doc_e3a649d45ce04772,Denovie DI FRUCT CHERRY,ru,active,active,true,postgres:kos_source_documents.normalized_text,3382,3,,include,,,5b0cb13f5cc39aaab5548ed1b2141ba11fbf45ecd3ebded1f17999876ab34d5b,5b0cb13f5cc39aaab5548ed1b2141ba11fbf45ecd3ebded1f17999876ab34d5b
kos:doc_e3af27d967d1646e,kos_source_document,doc_e3af27d967d1646e,https://carlevana.md/en/orange-wine-production-technology-historical-background-and-famous-brands/,auto,active,active,true,postgres:kos_source_documents.normalized_text,7944,1,,include,,,,628fcd385c1f990ba6c761738b2caa8c6b6086885e38211d1f06095bcc24c25e
kos:doc_e5050d1447966615,kos_source_document,doc_e5050d1447966615,"Orange wine: tehnologia de producere, excurs istoric, mărci renumite",ru,active,active,true,postgres:kos_source_documents.normalized_text,4323,4,,include,,,9a437c53ef662870645281ca60377de00f4041b7c791c726997f8191e6439408,9a437c53ef662870645281ca60377de00f4041b7c791c726997f8191e6439408
kos:doc_e553595d2ed33ed4,kos_source_document,doc_e553595d2ed33ed4,Cadouri Paste,ru,active,active,true,postgres:kos_source_documents.normalized_text,2483,2,,include,,,e28153c87e4c1530dd427dff0ddfccb2e61ebb565afde3818e50e4fef6d6adc0,e28153c87e4c1530dd427dff0ddfccb2e61ebb565afde3818e50e4fef6d6adc0
kos:doc_e5cd0a7829874d0e,kos_source_document,doc_e5cd0a7829874d0e,https://carlevana.md/ru/muzykalnyy-spektakl-check-up-s-daniloy-kozlovskim-degustaciya/,auto,active,active,true,postgres:kos_source_documents.normalized_text,1550,1,,include,,,,74f3799a72e616c106e2e0607826cacdeae74486f7b959ffdf61510657a17788
kos:doc_e65ff52f04d451f6,kos_source_document,doc_e65ff52f04d451f6,Cricova - Galerie,ru,active,active,true,postgres:kos_source_documents.normalized_text,536,1,,include,,,5f4f334fdc9ea1ebf924c2d7fcc298d8322da0c622bf9a80d11bcc7efb8d3c4a,5f4f334fdc9ea1ebf924c2d7fcc298d8322da0c622bf9a80d11bcc7efb8d3c4a
kos:doc_e834c7195c9a2bab,kos_source_document,doc_e834c7195c9a2bab,https://wine.md/catalog/wine/vinuri-de-colectie/portwein/cojusna-portvein,auto,active,active,true,postgres:kos_source_documents.normalized_text,3413,1,,include,,,,7743bd6715a2c6e597b446b122f5c6e574ff54dbe4860aebc7984f8df3531a5e
kos:doc_e8736d0781795228,kos_source_document,doc_e8736d0781795228,Salcuta Vin | Outstanding Wines,en,active,active,true,postgres:kos_source_documents.normalized_text,3565,3,,include,,,3f03731e90607fcf99cecf72ca51e147b5318c2cdeb3e013dfccca2e2275d06e,3f03731e90607fcf99cecf72ca51e147b5318c2cdeb3e013dfccca2e2275d06e
kos:doc_e91a2956b5f2ac3c,kos_source_document,doc_e91a2956b5f2ac3c,https://wine.md/catalog/wine/vinuri-albe/muscat/,auto,active,active,true,postgres:kos_source_documents.normalized_text,3201,1,,include,,,,0bbe6a3bb132bcfb768e2eb1897dd79944c7fe033594a7a8a8269c65aa9f2d75
kos:doc_e9220d32f2687295,kos_source_document,doc_e9220d32f2687295,https://aurelius.md/ro/producere,auto,active,active,true,postgres:kos_source_documents.normalized_text,55903,1,2,include,,,,9cfeec5337c07a680731fcafc63cc571a733ba7a97f972eb1b4fe71f3570748c
kos:doc_e9d677b0e23ce5fc,kos_source_document,doc_e9d677b0e23ce5fc,https://carlevana.md/degustare-la-spectacolul-lui-masha-mashkova-inostranka/,auto,active,active,true,postgres:kos_source_documents.normalized_text,744,1,,include,,,,a1a73382f0688585ce13bb34fc1b374b1d26b190f16b8683ff11e609b149f682
kos:doc_ea23f874ec8636f2,kos_source_document,doc_ea23f874ec8636f2,Wine Vernissage – 24th edition - Carlevana winery,ru,active,active,true,postgres:kos_source_documents.normalized_text,374,1,,include,,,4aff26e1e5a482ea593a0ad5d8d58960f15fbdee5cf48aca1a0329328353a4d7,4aff26e1e5a482ea593a0ad5d8d58960f15fbdee5cf48aca1a0329328353a4d7
kos:doc_ea3c1c67f8ef734d,kos_source_document,doc_ea3c1c67f8ef734d,Seara creativă a Narinei Abgaryan: „A trăi mai departe” - Carlevana winery,ru,active,active,true,postgres:kos_source_documents.normalized_text,812,1,,include,,,5aad302264e8cfc75bfce1e1f6e6199d19735792b47ddd8d0afbdcc97094de33,5aad302264e8cfc75bfce1e1f6e6199d19735792b47ddd8d0afbdcc97094de33
kos:doc_eadef187264e7364,kos_source_document,doc_eadef187264e7364,https://wine.md/chateau-vartely-select-feteasca-regala-3170,auto,active,active,true,postgres:kos_source_documents.normalized_text,898,1,9,include,,,,7f3c5623513635c3b7bb4cb19a76291f66262b148e5e33f08e3e2eb67b2e55f4
kos:doc_ed7f3816801c027e,kos_source_document,doc_ed7f3816801c027e,Международный день Каберне Совиньон - Carlevana winery,ru,active,active,true,postgres:kos_source_documents.normalized_text,1211,2,,include,,,a9ffffdee5b32591bf67693ec84d7fbdd36034a90443526334e48a73926d2b11,a9ffffdee5b32591bf67693ec84d7fbdd36034a90443526334e48a73926d2b11
kos:doc_eef4b7d74d10e0c5,kos_source_document,doc_eef4b7d74d10e0c5,Spectacol muzical „CHECK-UP” cu Danila Kozlovsky - degustare,ru,active,active,true,postgres:kos_source_documents.normalized_text,801,1,,include,,,dfc5881bf6b0f1d5a7c1f68b9c0723ae53e042809685ec342d73516ede751cb8,dfc5881bf6b0f1d5a7c1f68b9c0723ae53e042809685ec342d73516ede751cb8
kos:doc_f006533d7cdb24df,kos_source_document,doc_f006533d7cdb24df,https://carlevana.md/ru/mezhdunarodnyy-den-kaberne-sovinon/,auto,active,active,true,postgres:kos_source_documents.normalized_text,2439,1,,include,,,,befb7381ccf7496da9d6fe67dbdfd8456e9b489cecb6ade09597ea8b9291e1c4
kos:doc_f4b4c5f3485e5dea,kos_source_document,doc_f4b4c5f3485e5dea,Rhein Riesling: виноград и вино,ru,active,active,true,postgres:kos_source_documents.normalized_text,4226,4,,include,,,a12850ac9b89ac8454e148d86e861cb35efe38abb8357cac0ce0eebb0b956f71,a12850ac9b89ac8454e148d86e861cb35efe38abb8357cac0ce0eebb0b956f71
kos:doc_f4d6ac56541660e3,kos_source_document,doc_f4d6ac56541660e3,Молдавские игристые вина VS Prosecco — Wine and Spirits,ru,active,active,true,postgres:kos_source_documents.normalized_text,10190,1,,include,,,e964492268cf2b77f60554349530dc73822f148aa7ac048b1e5cab9a51b2f7a2,e964492268cf2b77f60554349530dc73822f148aa7ac048b1e5cab9a51b2f7a2
kos:doc_f4d7c7a471f4fed9,kos_source_document,doc_f4d7c7a471f4fed9,Cricova - Beciuri,ru,active,active,true,postgres:kos_source_documents.normalized_text,7202,7,,include,,,0d6817bef8b88aa4020f64d1bd92eb3e5d94994c9ec499c692960092c0c135be,0d6817bef8b88aa4020f64d1bd92eb3e5d94994c9ec499c692960092c0c135be
kos:doc_f5cdc9271ae976ea,kos_source_document,doc_f5cdc9271ae976ea,Wine from Pinot Noir grapes,ru,active,active,true,postgres:kos_source_documents.normalized_text,4980,5,,include,,,f867527090e58044e6688b10468f07ec3eb5ca3a06a34a2689cccb563217d405,f867527090e58044e6688b10468f07ec3eb5ca3a06a34a2689cccb563217d405
kos:doc_f6f1a44f414b1b17,kos_source_document,doc_f6f1a44f414b1b17,Vernisajul Vinului – ediția XXIV - Carlevana winery,ru,active,active,true,postgres:kos_source_documents.normalized_text,348,1,,include,,,c562d361a1dc1e04b57211718ddbb2cced7dc474d1d9ef374290dd4c5a8e574c,c562d361a1dc1e04b57211718ddbb2cced7dc474d1d9ef374290dd4c5a8e574c
kos:doc_f7ede8f9d50060fc,kos_source_document,doc_f7ede8f9d50060fc,https://cricova.md/ro/blog/evenimente,auto,active,active,,postgres:kos_source_documents.normalized_text,0,0,,exclude,text_unavailable,,,
kos:doc_f8700fdd2ca36b2e,kos_source_document,doc_f8700fdd2ca36b2e,"Fautor Winery | Moldova | The most awarded Moldovan winery in 2017, 2018, 2019, 2020, 2021 and 2022.",en,active,active,true,postgres:kos_source_documents.normalized_text,7163,6,,include,,,bc06f3d51015590f543b245896cb9adb1ced6c9fb81fdc671c1f95beb46c37d0,bc06f3d51015590f543b245896cb9adb1ced6c9fb81fdc671c1f95beb46c37d0
kos:doc_f9907653dfe4748e,kos_source_document,doc_f9907653dfe4748e,https://carlevana.md/en/wine-moldova/,auto,active,active,true,postgres:kos_source_documents.normalized_text,10383,1,,include,,,,eaa98f9a5f6ff656f79611ff81c62d5cb84b903a3201554a293133f4e558e81b
kos:doc_f9de810436d5fab6,kos_source_document,doc_f9de810436d5fab6,https://cricova.md/ro/vinuri/vinuri/vinuri-de-colectie,auto,active,active,,postgres:kos_source_documents.normalized_text,0,0,,exclude,text_unavailable,,,
kos:doc_fa530fab30d1b7c9,kos_source_document,doc_fa530fab30d1b7c9,https://wine.md/catalog/wine/vinuri-roze/cabernet-sauvignon/,auto,active,active,true,postgres:kos_source_documents.normalized_text,3312,1,,include,,,,dfd3b80f6cccc256e1959a618a01353846a2ceda3cfca97957542f8a28bc69ae
kos:doc_fa7b4091cffc69f0,kos_source_document,doc_fa7b4091cffc69f0,https://cricova.md/ro/vinuri/vinuri/prestige,auto,active,active,,postgres:kos_source_documents.normalized_text,0,0,,exclude,text_unavailable,,,
kos:doc_faa6090db4f00222,kos_source_document,doc_faa6090db4f00222,https://carlevana.md/en/wine-vernissage-24th-edition/,auto,active,active,true,postgres:kos_source_documents.normalized_text,718,1,,include,,,,b4bbc661e0109a30073c7603ef01ddc162d70c336173cd097eb770cc4e6ecdd8
kos:doc_fbe755b91c28fc06,kos_source_document,doc_fbe755b91c28fc06,Две премии вину Merlotage,ru,active,active,true,postgres:kos_source_documents.normalized_text,782,1,,include,,,bfe67fcd921b88a732cfb27e73e1e01497c587dd977d202ea753f6a76ecefd38,bfe67fcd921b88a732cfb27e73e1e01497c587dd977d202ea753f6a76ecefd38
kos:doc_fc4077596b664e92,kos_source_document,doc_fc4077596b664e92,Vinuri Rosii,ru,active,active,true,postgres:kos_source_documents.normalized_text,2524,2,,include,,,1afe5ef160f44021a7df6b76e0b7600160a7dcea738229df01b34a79d4cb69bf,1afe5ef160f44021a7df6b76e0b7600160a7dcea738229df01b34a79d4cb69bf
kos:doc_fd881d86f8eb0d44,kos_source_document,doc_fd881d86f8eb0d44,https://wine.md/purcari-negru-de-purcari-2707,auto,active,active,true,postgres:kos_source_documents.normalized_text,467,1,3,include,,,,5e31a4a489d7f669b0bd001cf5a7d10fc5b01e0e9bfb5a99d18f73d1ddec676d
kos:doc_fd973bac48db7a81,kos_source_document,doc_fd973bac48db7a81,Творческий вечер Наринэ Абгарян: «Дальше жить» - Carlevana winery,ru,active,active,true,postgres:kos_source_documents.normalized_text,700,1,,include,,,abe5161baed6a9eeaa9ce575f9cfc81f6332789735b5576dca8e2d2fb267cfb0,abe5161baed6a9eeaa9ce575f9cfc81f6332789735b5576dca8e2d2fb267cfb0
disc:doc_0108ad6d96adacc1,approved_crawled_document,doc_0108ad6d96adacc1,Все медали Wine of Moldova Contest`2025 — Wine and Spirits,ru,approved,approved,true,postgres:knowledge_documents.text,8642,9,,include,,,1f9517d3a6fee8f6eefd9fc07e4ec34ba07e6e3161fcdf5481694d2e335bcb65,1f9517d3a6fee8f6eefd9fc07e4ec34ba07e6e3161fcdf5481694d2e335bcb65
disc:doc_01fbdecbaf380d00,approved_crawled_document,doc_01fbdecbaf380d00,Загадка вин урожая-2024: в самой жаркой зоне – лучшие белые вина — Wine and Spirits,ru,approved,approved,true,postgres:knowledge_documents.text,5013,5,,include,,,9f600455444cde3e92e578298d9d1b1f42be63dae12ed70886c0757101bfce49,9f600455444cde3e92e578298d9d1b1f42be63dae12ed70886c0757101bfce49
disc:doc_02163588d0aed2f4,approved_crawled_document,doc_02163588d0aed2f4,Винные Регионы - Wine of Moldova,ru,approved,approved,true,postgres:knowledge_documents.text,1550,2,,include,,,6ba8c666504507b2a323eeb093f6a302aa071393cf89f331019fe94b13627f92,6ba8c666504507b2a323eeb093f6a302aa071393cf89f331019fe94b13627f92
disc:doc_026840c83bcd501a,approved_crawled_document,doc_026840c83bcd501a,День вина`2025 в Молдове: послесловие — Wine and Spirits,ru,approved,approved,true,postgres:knowledge_documents.text,10138,11,,include,,,a111215c159f679b5ff43b1e833d3103bbc4042312f6096089a4943737151b62,a111215c159f679b5ff43b1e833d3103bbc4042312f6096089a4943737151b62
disc:doc_0301a556a434e902,approved_crawled_document,doc_0301a556a434e902,Экспорт молдавской винодельческой продукции за I квартал 2026 г. — Wine and Spirits,ru,approved,approved,true,postgres:knowledge_documents.text,2764,3,,include,,,ddfb5a4c097b6ae0d08c42800adfb234514b1f46644423a56828363f4a157704,ddfb5a4c097b6ae0d08c42800adfb234514b1f46644423a56828363f4a157704
disc:doc_031c6214711341fd,approved_crawled_document,doc_031c6214711341fd,Группа Purcari Wineries подвела итоги за 2025 г. — Wine and Spirits,ru,approved,approved,true,postgres:knowledge_documents.text,8276,8,,include,,,21b4b8995f7f9ee30ba9aa0ff247bd16289983120fbdb0b498442dc5c1b72463,21b4b8995f7f9ee30ba9aa0ff247bd16289983120fbdb0b498442dc5c1b72463
disc:doc_03470cdd0189b379,approved_crawled_document,doc_03470cdd0189b379,Какая еда убивает вино? — Wine and Spirits,ru,approved,approved,true,postgres:knowledge_documents.text,3800,4,,include,,,66be3a222f4042f3397c57c8d270541a604e7938a85f83fc3e41097efc87789d,66be3a222f4042f3397c57c8d270541a604e7938a85f83fc3e41097efc87789d
disc:doc_037d552e7f789809,approved_crawled_document,doc_037d552e7f789809,В центре Кишинева открыли винотеку и винный бар — Wine and Spirits,ru,approved,approved,true,postgres:knowledge_documents.text,9430,10,,include,,,5a270be809e55122b9c90d2a4c928d7a601efebe045d47d6fa8761222bdbcf31,5a270be809e55122b9c90d2a4c928d7a601efebe045d47d6fa8761222bdbcf31
disc:doc_06764da722717d26,approved_crawled_document,doc_06764da722717d26,Эксперименты с сортом Копчак: два вина Novak Copceac — Wine and Spirits,ru,approved,approved,true,postgres:knowledge_documents.text,12317,12,,include,,,7aa5081c898400ba143f99fb559fad132dced8576ce8abf1db4242a3fbe72292,7aa5081c898400ba143f99fb559fad132dced8576ce8abf1db4242a3fbe72292
disc:doc_06e715cdc60beb86,approved_crawled_document,doc_06e715cdc60beb86,Spiegelau – для винных эстетов — Wine and Spirits,ru,approved,approved,true,postgres:knowledge_documents.text,12541,12,,include,,,2d8d8c8b8b6e20ced3f3f565b749fb38421d54c6e8978eebec0f2b6df54c4c5a,2d8d8c8b8b6e20ced3f3f565b749fb38421d54c6e8978eebec0f2b6df54c4c5a
disc:doc_0980b9301982dec1,approved_crawled_document,doc_0980b9301982dec1,Два Master of Wine — о молдавских винах и не только — Wine and Spirits,ru,approved,approved,true,postgres:knowledge_documents.text,15009,13,,include,,,37f0e4eca5f2c660b14da1d1d4ca3e9194b6e8c96be2beba5a11ef1dcd4e063a,37f0e4eca5f2c660b14da1d1d4ca3e9194b6e8c96be2beba5a11ef1dcd4e063a
disc:doc_0b76fd7e1832434f,approved_crawled_document,doc_0b76fd7e1832434f,Александр Лукьянов: Я всё делал на эмоциях — Wine and Spirits,ru,approved,approved,true,postgres:knowledge_documents.text,10772,11,,include,,,591bfe3f67cacc670a593291251a38a7fbe11fba4f3361b0e256f96e3092d40f,591bfe3f67cacc670a593291251a38a7fbe11fba4f3361b0e256f96e3092d40f
disc:doc_0bcfbd0b3497ab8c,approved_crawled_document,doc_0bcfbd0b3497ab8c,Decanter World Wine Awards` 2026: у Молдовы 95 медалей на самом крупном конкурсе в мире — Wine and Spirits,ru,approved,approved,true,postgres:knowledge_documents.text,5164,5,,include,,,e147c2ce44eb20b81095013bf1a36ee9ef2dd403d91fc6775336b0b097587819,e147c2ce44eb20b81095013bf1a36ee9ef2dd403d91fc6775336b0b097587819
disc:doc_0d2bc3f54acd0556,approved_crawled_document,doc_0d2bc3f54acd0556,Mundus Vini Spring Tasting` 2026: у Молдовы 119 медалей — Wine and Spirits,ru,approved,approved,true,postgres:knowledge_documents.text,7213,7,,include,,,e25e8d15767ef555e6f7b62011af4aa89e8f6af6c6f588aa614ab2d16fb44ec7,e25e8d15767ef555e6f7b62011af4aa89e8f6af6c6f588aa614ab2d16fb44ec7
disc:doc_0d65268b39148cce,approved_crawled_document,doc_0d65268b39148cce,TE WA 100: Rara Neagră и Saperavi – со 100-летних лоз! — Wine and Spirits,ru,approved,approved,true,postgres:knowledge_documents.text,9369,10,,include,,,9804150686b08c9acf7287c244768d9350455be1f1d6d58086c993e3d39fcf6a,9804150686b08c9acf7287c244768d9350455be1f1d6d58086c993e3d39fcf6a
disc:doc_0e36f0b3af88ad36,approved_crawled_document,doc_0e36f0b3af88ad36,Vivai cooperativi Rauscedo: как выращивают 100 млн виноградных саженцев — Wine and Spirits,ru,approved,approved,true,postgres:knowledge_documents.text,20000,21,,include,,,211719cd001567f5a1d02cb78f1b93fd7932dbe2bc7cb5655fbae2186782cb91,211719cd001567f5a1d02cb78f1b93fd7932dbe2bc7cb5655fbae2186782cb91
disc:doc_0e52a4acdd539733,approved_crawled_document,doc_0e52a4acdd539733,Зачем декантировать игристое вино? — Wine and Spirits,ru,approved,approved,true,postgres:knowledge_documents.text,5983,6,,include,,,206b81f845fac4e30c7a23835dc2c8b5b2e4ee6322b5d7da45dc23489259fbed,206b81f845fac4e30c7a23835dc2c8b5b2e4ee6322b5d7da45dc23489259fbed
disc:doc_0fd7ba44012fca1a,approved_crawled_document,doc_0fd7ba44012fca1a,Сангрию готовим сами — Wine and Spirits,ru,approved,approved,true,postgres:knowledge_documents.text,4435,5,,include,,,199dbbafd2733d9b507eb110ca95db41f1b2717cf80f25eb1f728b62af199bfd,199dbbafd2733d9b507eb110ca95db41f1b2717cf80f25eb1f728b62af199bfd
disc:doc_1158ecebafe0c030,approved_crawled_document,doc_1158ecebafe0c030,"Центр инноваций ТУМ: студентам – опыт, виноделам — помощь — Wine and Spirits",ru,approved,approved,true,postgres:knowledge_documents.text,13556,15,,include,,,968e8fcc7e6684938a6eeea5753c2dabc5d7f52508cc64c60dff1daf3420f5a4,968e8fcc7e6684938a6eeea5753c2dabc5d7f52508cc64c60dff1daf3420f5a4
disc:doc_11dd1b3bd2a56742,approved_crawled_document,doc_11dd1b3bd2a56742,About ONVV - Wine of Moldova,en,approved,approved,true,postgres:knowledge_documents.text,9005,8,,include,,,315a32815687292a95045a6320e629d18afe35effb66fc8fea78aa0539e77aba,315a32815687292a95045a6320e629d18afe35effb66fc8fea78aa0539e77aba
disc:doc_1235a365e255fc16,approved_crawled_document,doc_1235a365e255fc16,Употребление алкоголя и сердечно-сосудистые заболевания — Wine and Spirits,ru,approved,approved,true,postgres:knowledge_documents.text,8123,8,,include,,,0326117545de3c4340adca5adeb86be016a40b10b209da8bb1cf0f6bc8be09ed,0326117545de3c4340adca5adeb86be016a40b10b209da8bb1cf0f6bc8be09ed
disc:doc_140b6ad36a5ac467,approved_crawled_document,doc_140b6ad36a5ac467,Despre - Purcari Wineries        Purcari Wineries,ro,approved,approved,true,postgres:knowledge_documents.text,1239,2,,include,,,43657223656786097075e844d2b3b65544cd5da7e35639dbac53012d9c5c6ea1,43657223656786097075e844d2b3b65544cd5da7e35639dbac53012d9c5c6ea1
disc:doc_142a593209fc4de8,approved_crawled_document,doc_142a593209fc4de8,От волонтёра — до награды OIV — Wine and Spirits,ru,approved,approved,true,postgres:knowledge_documents.text,2943,3,,include,,,7e18c45b6517a2e00d8455f2155c66e91baae92825b4985450ced6e5232e22f4,7e18c45b6517a2e00d8455f2155c66e91baae92825b4985450ced6e5232e22f4
disc:doc_160d6e7dced65e47,approved_crawled_document,doc_160d6e7dced65e47,ChatGPT против Vivino в выборе вина — Wine and Spirits,ru,approved,approved,true,postgres:knowledge_documents.text,6993,8,,include,,,53b2c71173904bb8f8436f478100dd607fc03b7f688f63bf52410c47c703b416,53b2c71173904bb8f8436f478100dd607fc03b7f688f63bf52410c47c703b416
disc:doc_190f0d07025eb49d,approved_crawled_document,doc_190f0d07025eb49d,Как выбрать вино к пицце? — Wine and Spirits,ru,approved,approved,true,postgres:knowledge_documents.text,4343,4,,include,,,f4efed54df6647149049f0660fd86f3c47fb97b96128769214437fdb281b5301,f4efed54df6647149049f0660fd86f3c47fb97b96128769214437fdb281b5301
disc:doc_19de6fb6a019ec39,approved_crawled_document,doc_19de6fb6a019ec39,Как продвигают молдавские вина на разных рынках? — Wine and Spirits,ru,approved,approved,true,postgres:knowledge_documents.text,6521,6,,include,,,41d6557525bf86b63f66da298634938856efdfd7ebf90df85c99af1231ea5194,41d6557525bf86b63f66da298634938856efdfd7ebf90df85c99af1231ea5194
disc:doc_1a73bd0aa05b6718,approved_crawled_document,doc_1a73bd0aa05b6718,Ион Лука: «У меня огромные ожидания от Floricica» (ВИДЕО) — Wine and Spirits,ru,approved,approved,true,postgres:knowledge_documents.text,6193,7,,include,,,8966d33054b739f889c642a5430589253d6ba36c45c941f46d9d543e9e856bab,8966d33054b739f889c642a5430589253d6ba36c45c941f46d9d543e9e856bab
disc:doc_1b2c58e45df48cc3,approved_crawled_document,doc_1b2c58e45df48cc3,Экспорт молдавской винодельческой продукции за 2025 г. — Wine and Spirits,ru,approved,approved,true,postgres:knowledge_documents.text,6075,5,,include,,,b45b711f96a335438b7e8010686d4af7727d850fa8dc704465272f703a527771,b45b711f96a335438b7e8010686d4af7727d850fa8dc704465272f703a527771
disc:doc_1c0a49e822807495,approved_crawled_document,doc_1c0a49e822807495,Как достать провалившуюся пробку из бутылки с вином? (ВИДЕО) — Wine and Spirits,ru,approved,approved,true,postgres:knowledge_documents.text,1413,2,,include,,,54fc1eb9024b0867eb893001da597f8c6547e1ffc010fd3319189cbebb073854,54fc1eb9024b0867eb893001da597f8c6547e1ffc010fd3319189cbebb073854
disc:doc_1c2e62925892def9,approved_crawled_document,doc_1c2e62925892def9,Актуальная статистика по отрасли за 2025 г. — Wine and Spirits,ru,approved,approved,true,postgres:knowledge_documents.text,5280,4,,include,,,6ab5102ff9371d699838c2039b98199da7e138f92ba0b0a29af5e25193072d69,6ab5102ff9371d699838c2039b98199da7e138f92ba0b0a29af5e25193072d69
disc:doc_1c77689315dcf242,approved_crawled_document,doc_1c77689315dcf242,Малые производители вина создают историю успеха — Wine and Spirits,ru,approved,approved,true,postgres:knowledge_documents.text,6830,7,,include,,,2dfde9f92143df6d0d95af22307dc53753bb72793abbdc8146e0a470a8648727,2dfde9f92143df6d0d95af22307dc53753bb72793abbdc8146e0a470a8648727
disc:doc_1d5e9f448243e110,approved_crawled_document,doc_1d5e9f448243e110,Our Wineries - Wine of Moldova,en,approved,approved,true,postgres:knowledge_documents.text,913,1,,include,,,e3ec32cb11bb07d05bf9733885d4ab673a71da57e44c98816a30fc2ec4d9efc0,e3ec32cb11bb07d05bf9733885d4ab673a71da57e44c98816a30fc2ec4d9efc0
disc:doc_1e112f381a3698e0,approved_crawled_document,doc_1e112f381a3698e0,Роджер Кордер: значение ресвератрола в вине преувеличено — Wine and Spirits,ru,approved,approved,true,postgres:knowledge_documents.text,12946,13,,include,,,3b8faca367fd4a32aefa2c82aa6c59a22e6e0ffd1e62ed9dcb4033e469144cda,3b8faca367fd4a32aefa2c82aa6c59a22e6e0ffd1e62ed9dcb4033e469144cda
disc:doc_1e5ec4d7014de5ed,approved_crawled_document,doc_1e5ec4d7014de5ed,Туры на винодельню - Vinuri de Comrat,ru,approved,approved,true,postgres:knowledge_documents.text,6442,7,,include,,,fbe28ed08831c8b94d31fc2c2d74ca8b66ed73e3e27be2210120b11e0fc612d7,fbe28ed08831c8b94d31fc2c2d74ca8b66ed73e3e27be2210120b11e0fc612d7
disc:doc_21996dcbf6644df1,approved_crawled_document,doc_21996dcbf6644df1,Наши Винодельни - Wine of Moldova,ru,approved,approved,true,postgres:knowledge_documents.text,942,1,,include,,,fbdfe3c0a7b1c33542331ae5245c0ea6fb6e03566c216c7cb7d79cb33405a56f,fbdfe3c0a7b1c33542331ae5245c0ea6fb6e03566c216c7cb7d79cb33405a56f
disc:doc_22100b77e6a72f82,approved_crawled_document,doc_22100b77e6a72f82,Выбираем дивин к праздничному столу — Wine and Spirits,ru,approved,approved,true,postgres:knowledge_documents.text,11809,13,,include,,,c027b3f79d8af19609e4392369e6235c447f543fc1fb786643ca647c48226508,c027b3f79d8af19609e4392369e6235c447f543fc1fb786643ca647c48226508
disc:doc_247c919f08742c17,approved_crawled_document,doc_247c919f08742c17,Сезон виноделия-2024: «Вина обладают большим потенциалом для старения» — Wine and Spirits,ru,approved,approved,true,postgres:knowledge_documents.text,4734,6,,include,,,2fa0f568cd23cb5eb3bea9bfbcbf5f5b29ca63945a1f92529c20b10b5f3e9162,2fa0f568cd23cb5eb3bea9bfbcbf5f5b29ca63945a1f92529c20b10b5f3e9162
disc:doc_26239fc87cecf026,approved_crawled_document,doc_26239fc87cecf026,Как правильно откупорить бутылку «петната»? (ВИДЕО) — Wine and Spirits,ru,approved,approved,true,postgres:knowledge_documents.text,4566,4,,include,,,0ab53a406fcf4df69dba08a5b7c98a6a8439ca1503979cee94c8774c0c7968d9,0ab53a406fcf4df69dba08a5b7c98a6a8439ca1503979cee94c8774c0c7968d9
disc:doc_2771b6e3a2c01a3e,approved_crawled_document,doc_2771b6e3a2c01a3e,Почему у некоторых людей болит голова после красного вина? — Wine and Spirits,ru,approved,approved,true,postgres:knowledge_documents.text,6894,7,,include,,,1a22504a8e872490f3216dbb303738ca112c48a700a131ef99f607952ea2fdfb,1a22504a8e872490f3216dbb303738ca112c48a700a131ef99f607952ea2fdfb
disc:doc_287f68dda47ee9fc,approved_crawled_document,doc_287f68dda47ee9fc,Сергей Борец: «Равных мне по порыву в Молдове не было и нет!» — Wine and Spirits,ru,approved,approved,true,postgres:knowledge_documents.text,11629,12,,include,,,957cbf41cdb0f8bb1bca8c2520dd2af396851bc9a26d456f4d2f44cf32792757,957cbf41cdb0f8bb1bca8c2520dd2af396851bc9a26d456f4d2f44cf32792757
disc:doc_28e99b882a5d4d1e,approved_crawled_document,doc_28e99b882a5d4d1e,"Правительство решило, что такое divin — Wine and Spirits",ru,approved,approved,true,postgres:knowledge_documents.text,13322,14,,include,,,9b61c8ed3387314ea56c5986083ae0967a3a3445587df2f49e1fa004d9dad459,9b61c8ed3387314ea56c5986083ae0967a3a3445587df2f49e1fa004d9dad459
disc:doc_2bd7c7c63f2f4d63,approved_crawled_document,doc_2bd7c7c63f2f4d63,"Смотрины вин с IGP Valul lui Traian. Рестораторы, не стесняйтесь! — Wine and Spirits",ru,approved,approved,true,postgres:knowledge_documents.text,12203,11,,include,,,8104906d6aa64e1257a8e7c2df7a02ee9dcaaf583653a226fb0f3db41b7a9fa2,8104906d6aa64e1257a8e7c2df7a02ee9dcaaf583653a226fb0f3db41b7a9fa2
disc:doc_2c76d3b83181d709,approved_crawled_document,doc_2c76d3b83181d709,Bulgari Winery: перламутр в винном напитке? Wow! — Wine and Spirits,ru,approved,approved,true,postgres:knowledge_documents.text,6097,5,,include,,,004504a45bb2433d24b42056078d71342131bb5328cc0c5f828bcc8741600643,004504a45bb2433d24b42056078d71342131bb5328cc0c5f828bcc8741600643
disc:doc_2d30606f6824913a,approved_crawled_document,doc_2d30606f6824913a,«Примерка» европейских законов — Wine and Spirits,ru,approved,approved,true,postgres:knowledge_documents.text,8937,8,,include,,,74b10d2e36387ba65c5678450f37d98d57a6c05df248f2d32024fc197f34f762,74b10d2e36387ba65c5678450f37d98d57a6c05df248f2d32024fc197f34f762
disc:doc_2e054d0935ed67f8,approved_crawled_document,doc_2e054d0935ed67f8,Группа Purcari Wineries намерена купить SERVE Ceptura — Wine and Spirits,ru,approved,approved,true,postgres:knowledge_documents.text,6176,6,,include,,,6b1a8730c11d4bfca72e0285ac262665790a89bb2e729276e6556e238ab51933,6b1a8730c11d4bfca72e0285ac262665790a89bb2e729276e6556e238ab51933
disc:doc_2e123dbcc28fe2e9,approved_crawled_document,doc_2e123dbcc28fe2e9,Когда процент имеет значение — Wine and Spirits,ru,approved,approved,true,postgres:knowledge_documents.text,10349,10,,include,,,1896721c21aa3179eeaa53b2345ca45bc1a3e7d880df6d0c58b547112d1dafde,1896721c21aa3179eeaa53b2345ca45bc1a3e7d880df6d0c58b547112d1dafde
disc:doc_2fb34cb69c83ec99,approved_crawled_document,doc_2fb34cb69c83ec99,Despre ONVV - Wine of Moldova,ro,approved,approved,true,postgres:knowledge_documents.text,9308,8,,include,,,28e9f6763d9e047f7d32e35d250339162b80070b436af3b68bbe8d2abd22bc21,28e9f6763d9e047f7d32e35d250339162b80070b436af3b68bbe8d2abd22bc21
disc:doc_3076dc9315246a96,approved_crawled_document,doc_3076dc9315246a96,С новым сезоном виноделия! — Wine and Spirits,ru,approved,approved,true,postgres:knowledge_documents.text,9611,9,,include,,,3d2526d867234b1897988f6947ad0f853bf082eee7597db92279b7c4c40e3bfb,3d2526d867234b1897988f6947ad0f853bf082eee7597db92279b7c4c40e3bfb
disc:doc_3184ed9ee6e7b4d2,approved_crawled_document,doc_3184ed9ee6e7b4d2,Чем отличается простое вино от сложного? — Wine and Spirits,ru,approved,approved,true,postgres:knowledge_documents.text,5249,5,,include,,,20bd21b0684368056b0759f03e004777653d462cd78ec7e272598921ce4859a9,20bd21b0684368056b0759f03e004777653d462cd78ec7e272598921ce4859a9
disc:doc_33dbb1d32ad47805,approved_crawled_document,doc_33dbb1d32ad47805,Wine Tourism - Wine of Moldova,en,approved,approved,true,postgres:knowledge_documents.text,1227,2,,include,,,adebb63e0b0d5b610c1115813b4d2d50a3b42cd7c2ea9ca00c328414751f51d3,adebb63e0b0d5b610c1115813b4d2d50a3b42cd7c2ea9ca00c328414751f51d3
disc:doc_340b635e1867461f,approved_crawled_document,doc_340b635e1867461f,Гамбасы (королевские креветки) фламбе — французский рецепт (ВИДЕО) — Wine and Spirits,ru,approved,approved,true,postgres:knowledge_documents.text,3360,3,,include,,,566fe13a2ff584248e56b3311dfaca10eaec6e45e922a6d8d0c7feb787129aa7,566fe13a2ff584248e56b3311dfaca10eaec6e45e922a6d8d0c7feb787129aa7
disc:doc_34721c169d597a20,approved_crawled_document,doc_34721c169d597a20,Полезный опыт АО Tomai-Vinex: новая формировка на виноградниках — Wine and Spirits,ru,approved,approved,true,postgres:knowledge_documents.text,7630,7,,include,,,07b9d4473ffc4574147a4c6dc8eabf2f947c85a4c458d61a5312212ebd961e64,07b9d4473ffc4574147a4c6dc8eabf2f947c85a4c458d61a5312212ebd961e64
disc:doc_349744a8dad722e8,approved_crawled_document,doc_349744a8dad722e8,С чем пить «Кагор»/ Pastoral? — Wine and Spirits,ru,approved,approved,true,postgres:knowledge_documents.text,4078,4,,include,,,e27a701ce59967456561a4ea9b7ce0901a925db12abad1c863f3e500d0586876,e27a701ce59967456561a4ea9b7ce0901a925db12abad1c863f3e500d0586876
disc:doc_34df47b8fae8ebcf,approved_crawled_document,doc_34df47b8fae8ebcf,За что комбинат Cricova получил Гран-при за особые заслуги? — Wine and Spirits,ru,approved,approved,true,postgres:knowledge_documents.text,4766,5,,include,,,cf59d42af615b40a469bc5859713be41ab6ceaa30c607d09e94bd1ac19338d34,cf59d42af615b40a469bc5859713be41ab6ceaa30c607d09e94bd1ac19338d34
disc:doc_353a334266486264,approved_crawled_document,doc_353a334266486264,Откуда в вине минеральность? — Wine and Spirits,ru,approved,approved,true,postgres:knowledge_documents.text,13018,12,,include,,,9fcbee00018d81d42894ab478b3c710e78430a706ac57991eb42c223a5ebf6a4,9fcbee00018d81d42894ab478b3c710e78430a706ac57991eb42c223a5ebf6a4
disc:doc_355ce9e5d68c1f06,approved_crawled_document,doc_355ce9e5d68c1f06,Национальный день вина` 2024: статистика праздника   — Wine and Spirits,ru,approved,approved,true,postgres:knowledge_documents.text,4210,4,,include,,,91ff0b27b0d0ca062dfbdf8ae845447a89c8c5f3f19199652ddcde1678f88a1a,91ff0b27b0d0ca062dfbdf8ae845447a89c8c5f3f19199652ddcde1678f88a1a
disc:doc_36a43de34fd12b8e,approved_crawled_document,doc_36a43de34fd12b8e,ABOUT US - Basavin,en,approved,approved,true,postgres:knowledge_documents.text,5876,4,,include,,,144748ceba4cbf77f0ab3e1968b13ad852dabfe5ad4a00d19ea20b92cb4f716f,144748ceba4cbf77f0ab3e1968b13ad852dabfe5ad4a00d19ea20b92cb4f716f
disc:doc_373acb480301e068,approved_crawled_document,doc_373acb480301e068,Первый Трофей Создателя вина – для малых производителей — Wine and Spirits,ru,approved,approved,true,postgres:knowledge_documents.text,7045,7,,include,,,0aabf0b197c93aef52272f61550d888765374a17f76348cb6c9ee05f70fac2d8,0aabf0b197c93aef52272f61550d888765374a17f76348cb6c9ee05f70fac2d8
disc:doc_38227f7ab293fcd2,approved_crawled_document,doc_38227f7ab293fcd2,Группа Purcari Wineries приобрела биодинамические виноградники — Wine and Spirits,ru,approved,approved,true,postgres:knowledge_documents.text,7224,8,,include,,,86e5b218fa7ec3979a33c4e8b314023cd5362c8072882cc118542a5d90dd5297,86e5b218fa7ec3979a33c4e8b314023cd5362c8072882cc118542a5d90dd5297
disc:doc_38d4f2b3681c8d15,approved_crawled_document,doc_38d4f2b3681c8d15,У НБВиВ — новый донор. Их объединила «цифра»   — Wine and Spirits,ru,approved,approved,true,postgres:knowledge_documents.text,6664,7,,include,,,c9fbfecd3aad3d12c0d1fc78835de0bfb2d11a3432621ae92d9bbaaf00e070a1,c9fbfecd3aad3d12c0d1fc78835de0bfb2d11a3432621ae92d9bbaaf00e070a1
disc:doc_393fa26c2679b841,approved_crawled_document,doc_393fa26c2679b841,Могут ли существовать великие вина без сульфитов? — Wine and Spirits,ru,approved,approved,true,postgres:knowledge_documents.text,4846,5,,include,,,1ce154579b97b5303de7e11d54fb1256ba35c9f30e235d0b2435de2dd1a385ec,1ce154579b97b5303de7e11d54fb1256ba35c9f30e235d0b2435de2dd1a385ec
disc:doc_3c2b469c65e8e12b,approved_crawled_document,doc_3c2b469c65e8e12b,Bliss Cuvée Brut Nature Exlusive Edition: когда все звёзды сошлись — Wine and Spirits,ru,approved,approved,true,postgres:knowledge_documents.text,10840,11,,include,,,a3de9f9fe2b1ef3e947d7a8b6727d086ea330ef07cde9251c11a18c37ec213ca,a3de9f9fe2b1ef3e947d7a8b6727d086ea330ef07cde9251c11a18c37ec213ca
disc:doc_3d119d0b07ce59ba,approved_crawled_document,doc_3d119d0b07ce59ba,Moldovan Wine - Wine of Moldova,en,approved,approved,true,postgres:knowledge_documents.text,806,1,,include,,,b0419fa0007f6f0687b9f1f823d11404940ad85472e8cb5c7902cf75d0fc6827,b0419fa0007f6f0687b9f1f823d11404940ad85472e8cb5c7902cf75d0fc6827
disc:doc_3d7227cdba49b793,approved_crawled_document,doc_3d7227cdba49b793,Сергей Танурков: Благодаря нам Швеция узнала о молдавском вине — Wine and Spirits,ru,approved,approved,true,postgres:knowledge_documents.text,11866,10,,include,,,4fff0cd283df918470e4149518b250b5745572b596bce89aec8074b1f37d03d3,4fff0cd283df918470e4149518b250b5745572b596bce89aec8074b1f37d03d3
disc:doc_3dbea96625863e48,approved_crawled_document,doc_3dbea96625863e48,Как дегустировать дивин (коньяк)? — Wine and Spirits,ru,approved,approved,true,postgres:knowledge_documents.text,6610,6,,include,,,5ea77cabbfd28b3813632036fd51dcf770804d50d3ef9c3a74c9e05c5485b5ba,5ea77cabbfd28b3813632036fd51dcf770804d50d3ef9c3a74c9e05c5485b5ba
disc:doc_3de9ddb745c38ea7,approved_crawled_document,doc_3de9ddb745c38ea7,"Fautor Winery | Moldova | The most awarded Moldovan winery in 2017, 2018, 2019, 2020, 2021 and 2022.",en,approved,approved,true,postgres:knowledge_documents.text,6804,6,,include,,,b66e01c125a9183018ff00e35f82ba64b4c55b87acf53f17da662ee4695febfe,b66e01c125a9183018ff00e35f82ba64b4c55b87acf53f17da662ee4695febfe
disc:doc_3f3de80f2efa5c30,approved_crawled_document,doc_3f3de80f2efa5c30,"Amaro de la Valea Perjei, 2003 от Acorex Wine Holding – вино-икона — Wine and Spirits",ru,approved,approved,true,postgres:knowledge_documents.text,9670,9,,include,,,bbf63f64f67d6bab671c44a42b8f1cfac4af540b80a2aca680c999028679084a,bbf63f64f67d6bab671c44a42b8f1cfac4af540b80a2aca680c999028679084a
disc:doc_403cf73d398e53c5,approved_crawled_document,doc_403cf73d398e53c5,Весенний «Вернисаж вин»-2025: награды и сенсации — Wine and Spirits,ru,approved,approved,true,postgres:knowledge_documents.text,3871,4,,include,,,82977f5a594b9b0154b69dc3424ad2c6fb821132b9af4a9e3354bedbf3fbc3bb,82977f5a594b9b0154b69dc3424ad2c6fb821132b9af4a9e3354bedbf3fbc3bb
disc:doc_4084ef6d7fc43ab1,approved_crawled_document,doc_4084ef6d7fc43ab1,Обо мне — Wine and Spirits,ru,approved,approved,true,postgres:knowledge_documents.text,3190,3,,include,,,f058fbe3716ea550f176aa1ef30228105ec7ee791c4b0156aed1512c360d66c6,f058fbe3716ea550f176aa1ef30228105ec7ee791c4b0156aed1512c360d66c6
disc:doc_421d9fd576aefd19,approved_crawled_document,doc_421d9fd576aefd19,Вина Purcari Parcela – новая экспрессия терруара — Wine and Spirits,ru,approved,approved,true,postgres:knowledge_documents.text,14227,14,,include,,,b2143eee144dc14f4d89010a308ba72331b6a4a35bff203749c7a14d4ebf577e,b2143eee144dc14f4d89010a308ba72331b6a4a35bff203749c7a14d4ebf577e
disc:doc_42a0974c3cd0dc5b,approved_crawled_document,doc_42a0974c3cd0dc5b,"Asconi Winery | Asconi Winery is a family business, which aims at producing the best possible wine.",en,approved,approved,true,postgres:knowledge_documents.text,3247,3,,include,,,bfeb867646402754e3e5817e8fb9e4fe2566d14954a5ae42cd3b11d2626d5ae5,bfeb867646402754e3e5817e8fb9e4fe2566d14954a5ae42cd3b11d2626d5ae5
disc:doc_44ae2690c18ce1d2,approved_crawled_document,doc_44ae2690c18ce1d2,Молдавскому вину поставили памятник! — Wine and Spirits,ru,approved,approved,true,postgres:knowledge_documents.text,4073,4,,include,,,1dc5494f0b4183803e018a7028061158914f3db7277d1858fa10578a836833c4,1dc5494f0b4183803e018a7028061158914f3db7277d1858fa10578a836833c4
disc:doc_45a914a1919c0c89,approved_crawled_document,doc_45a914a1919c0c89,На дегустации вин нужно пить… воду. Почему? — Wine and Spirits,ru,approved,approved,true,postgres:knowledge_documents.text,1623,2,,include,,,c04ddc4f6e575c0241826c2fd9f1e25b861a4703cf72a9f7e5bb9029bf237639,c04ddc4f6e575c0241826c2fd9f1e25b861a4703cf72a9f7e5bb9029bf237639
disc:doc_45d6a3e9c8c9f781,approved_crawled_document,doc_45d6a3e9c8c9f781,Vinăriile noastre - Wine of Moldova,ro,approved,approved,true,postgres:knowledge_documents.text,1001,1,,include,,,87c3fb94d4789fc91e768437cfc477d59016ad89c47d12f1c47c3218eba1eec0,87c3fb94d4789fc91e768437cfc477d59016ad89c47d12f1c47c3218eba1eec0
disc:doc_45fc5d4d185fa047,approved_crawled_document,doc_45fc5d4d185fa047,Что такое элегантность в вине? — Wine and Spirits,ru,approved,approved,true,postgres:knowledge_documents.text,5566,6,,include,,,338fceb9c32c6b3559db5856ba1a69dbca686ffca5c22347be41b3755151c029,338fceb9c32c6b3559db5856ba1a69dbca686ffca5c22347be41b3755151c029
disc:doc_4677d623f9763700,approved_crawled_document,doc_4677d623f9763700,Создан первый дивин из местных сортов винограда — Wine and Spirits,ru,approved,approved,true,postgres:knowledge_documents.text,5243,5,,include,,,05f56c722427a885ddca039bbd179c39bc74c6017794b4a5ccfcc2a23297cb44,05f56c722427a885ddca039bbd179c39bc74c6017794b4a5ccfcc2a23297cb44
disc:doc_47a11df660f08df2,approved_crawled_document,doc_47a11df660f08df2,Turism - Purcari Wineries        Purcari Wineries,ro,approved,approved,true,postgres:knowledge_documents.text,5441,5,,include,,,8bd0be3b1f0f69b08010a733674658e69b03642b7c6b0e8dd18719cd04c1b2d9,8bd0be3b1f0f69b08010a733674658e69b03642b7c6b0e8dd18719cd04c1b2d9
disc:doc_47d91ab3bc861d68,approved_crawled_document,doc_47d91ab3bc861d68,«Пьяная» груша — Wine and Spirits,ru,approved,approved,true,postgres:knowledge_documents.text,2204,2,,include,,,248a8a348614c33348ce1fb6690ea214593a158f2ff440a8a8dac8ed8c2f40f8,248a8a348614c33348ce1fb6690ea214593a158f2ff440a8a8dac8ed8c2f40f8
disc:doc_4964d0ace4d7c8ce,approved_crawled_document,doc_4964d0ace4d7c8ce,"Если в вине есть задушка, что делать? — Wine and Spirits",ru,approved,approved,true,postgres:knowledge_documents.text,3038,3,,include,,,1edf1f982f5301d1be46742af65e9e75db0b32bb96ab711d2739d55857ebb60b,1edf1f982f5301d1be46742af65e9e75db0b32bb96ab711d2739d55857ebb60b
disc:doc_4a3fb0b8dd0f4840,approved_crawled_document,doc_4a3fb0b8dd0f4840,Что делать с остатками вина? — Wine and Spirits,ru,approved,approved,true,postgres:knowledge_documents.text,3128,4,,include,,,333bae57b63d3b669a7faea0cd2cc4a3a78df9d20276abea5578a06973765efa,333bae57b63d3b669a7faea0cd2cc4a3a78df9d20276abea5578a06973765efa
disc:doc_4baf6797de34b3a7,approved_crawled_document,doc_4baf6797de34b3a7,Интересные факты о пробках для игристых вин — Wine and Spirits,ru,approved,approved,true,postgres:knowledge_documents.text,4891,5,,include,,,8ad65304daf80553fd19d62206e5e7695d78d79a9fd2fa85ccf9d1543071dcca,8ad65304daf80553fd19d62206e5e7695d78d79a9fd2fa85ccf9d1543071dcca
disc:doc_4bc58599cc385370,approved_crawled_document,doc_4bc58599cc385370,Мысли вслух: про выбор молдавского вина — Wine and Spirits,ru,approved,approved,true,postgres:knowledge_documents.text,6209,7,,include,,,c6bb5827cad8809ba78f68da76eecd07cf7f26c855a44fbf606a5e722cd5ccec,c6bb5827cad8809ba78f68da76eecd07cf7f26c855a44fbf606a5e722cd5ccec
disc:doc_4c9c3c48a12e6218,approved_crawled_document,doc_4c9c3c48a12e6218,Chalice Wineclub — первый на Украине клуб молдавских вин (ВИДЕО) — Wine and Spirits,ru,approved,approved,true,postgres:knowledge_documents.text,9941,8,,include,,,b7c2d456553a0a03b809896451b5191f7c34d7e91d2d85d7228bde0a3efd66c8,b7c2d456553a0a03b809896451b5191f7c34d7e91d2d85d7228bde0a3efd66c8
disc:doc_4d3175c8d2d6d1eb,approved_crawled_document,doc_4d3175c8d2d6d1eb,Wine Park-2026: об истоках виноградарства в Молдове и Центральной Европе — Wine and Spirits,ru,approved,approved,true,postgres:knowledge_documents.text,8496,8,,include,,,1f69113fa34544ea9bdfb0a26bbef8ba747a3831a573bb1c888432dff42e2535,1f69113fa34544ea9bdfb0a26bbef8ba747a3831a573bb1c888432dff42e2535
disc:doc_4eb39a99697b8b5a,approved_crawled_document,doc_4eb39a99697b8b5a,Зачем Молдове великие вина? — Wine and Spirits,ru,approved,approved,true,postgres:knowledge_documents.text,8682,8,,include,,,f43bfe513ed9fe61509078f4ec893e6095620dbaa221b7d013432d6e16ba0ce0,f43bfe513ed9fe61509078f4ec893e6095620dbaa221b7d013432d6e16ba0ce0
disc:doc_50b522dfad100aec,approved_crawled_document,doc_50b522dfad100aec,Молдавские виноделы рассказали о кризисе — Wine and Spirits,ru,approved,approved,true,postgres:knowledge_documents.text,8497,7,,include,,,62dfbf3b3798f75e4ce7b367474ce499aea57a386cf3740799f537608c0ed17b,62dfbf3b3798f75e4ce7b367474ce499aea57a386cf3740799f537608c0ed17b
disc:doc_50f7895e9afa72dd,approved_crawled_document,doc_50f7895e9afa72dd,Какое вино выбрать к плову? — Wine and Spirits,ru,approved,approved,true,postgres:knowledge_documents.text,6505,7,,include,,,47baa012695c7605faec0e4afde7bf551f7471e07fc387aa3e6d02b0b3f902a8,47baa012695c7605faec0e4afde7bf551f7471e07fc387aa3e6d02b0b3f902a8
disc:doc_511c5631105b1964,approved_crawled_document,doc_511c5631105b1964,Первое в Молдове классическое игристое вино Viorica – от KVINT — Wine and Spirits,ru,approved,approved,true,postgres:knowledge_documents.text,6792,7,,include,,,b106beceadc35d8f2f4bac173f184c1446024a502198c5a5909d3cd1987b6dbb,b106beceadc35d8f2f4bac173f184c1446024a502198c5a5909d3cd1987b6dbb
disc:doc_525193fc0019397f,approved_crawled_document,doc_525193fc0019397f,Как почистить декантер? (ВИДЕО) — Wine and Spirits,ru,approved,approved,true,postgres:knowledge_documents.text,3146,3,,include,,,257e1792be404c70fd7dfabe25495e7c4f2a1d9b4eac85e68c737e195e09f707,257e1792be404c70fd7dfabe25495e7c4f2a1d9b4eac85e68c737e195e09f707
disc:doc_529ac16e0ab4de45,approved_crawled_document,doc_529ac16e0ab4de45,Производители дивинов не могут защитить свои права — Wine and Spirits,ru,approved,approved,true,postgres:knowledge_documents.text,11667,11,,include,,,b637e49e13d1422c0350da3ab1b6b2a5c22d798438145083b95d5e9b86d21cae,b637e49e13d1422c0350da3ab1b6b2a5c22d798438145083b95d5e9b86d21cae
disc:doc_52d55d64e6c7c1ae,approved_crawled_document,doc_52d55d64e6c7c1ae,В День космонавтики – о бальзаме «Космический» — Wine and Spirits,ru,approved,approved,true,postgres:knowledge_documents.text,4177,4,,include,,,89de37eb8f589385ee6464358f72c666508765188793e97ed34e5462ee25ae83,89de37eb8f589385ee6464358f72c666508765188793e97ed34e5462ee25ae83
disc:doc_550f1bc5bba41ca2,approved_crawled_document,doc_550f1bc5bba41ca2,Винный тур с дегустацией на винодельню Carlevana,ru,approved,approved,true,postgres:knowledge_documents.text,3388,3,,include,,,afd8ad138e9b9c36686c85a316cf845bb64eded501492155be3555f42a165f74,afd8ad138e9b9c36686c85a316cf845bb64eded501492155be3555f42a165f74
disc:doc_55f7c3b251b1867e,approved_crawled_document,doc_55f7c3b251b1867e,"Виктор Бостан: «Когда война закончится, купим винодельню на Украине» — Wine and Spirits",ru,approved,approved,true,postgres:knowledge_documents.text,20000,18,,include,,,a1ba2046031e68327be530a49ea9c68ea7cd9f6f8b509ea99d35291ff1360b19,a1ba2046031e68327be530a49ea9c68ea7cd9f6f8b509ea99d35291ff1360b19
disc:doc_573f577394cbcef1,approved_crawled_document,doc_573f577394cbcef1,CMB` 2026 Red and White Wines Session: у Молдовы 66 медалей и титул International White Wine Revelation — Wine and Spirits,ru,approved,approved,true,postgres:knowledge_documents.text,4694,4,,include,,,9667b03ade7e991be12d3b2100e67396baddf4afc15eeabc36933d4e7f4241c0,9667b03ade7e991be12d3b2100e67396baddf4afc15eeabc36933d4e7f4241c0
disc:doc_576261074e92d1ff,approved_crawled_document,doc_576261074e92d1ff,Wine Republic – первая винотека в Молдове с винодельческими зонами — Wine and Spirits,ru,approved,approved,true,postgres:knowledge_documents.text,7839,9,,include,,,93d088129e04f74878429199fe70f5820d0f389653baed472e71ad1330ac68b1,93d088129e04f74878429199fe70f5820d0f389653baed472e71ad1330ac68b1
disc:doc_5792bb0565c0eb67,approved_crawled_document,doc_5792bb0565c0eb67,Первые в Молдове продукты со статусом IGP Divin — Wine and Spirits,ru,approved,approved,true,postgres:knowledge_documents.text,6159,7,,include,,,5d56d2ca3d14e14979dd51728d22f769ee829f261fce6a152e47fa477969a127,5d56d2ca3d14e14979dd51728d22f769ee829f261fce6a152e47fa477969a127
disc:doc_579edcc1ef891d06,approved_crawled_document,doc_579edcc1ef891d06,О НБВВ - Wine of Moldova,ru,approved,approved,true,postgres:knowledge_documents.text,9423,8,,include,,,538cbb568dbcd7562dbdf191c44697a91c7b0b2b76121b354721a0c4599cf4c2,538cbb568dbcd7562dbdf191c44697a91c7b0b2b76121b354721a0c4599cf4c2
disc:doc_58d1758359f29d35,approved_crawled_document,doc_58d1758359f29d35,Cricova открыл террасу Regatul Vinului — Wine and Spirits,ru,approved,approved,true,postgres:knowledge_documents.text,4211,4,,include,,,a2c8e759c6d9d3c3d3a6878d30892e61ac6ad7a0a04c18bf99bf98a049a925b4,a2c8e759c6d9d3c3d3a6878d30892e61ac6ad7a0a04c18bf99bf98a049a925b4
disc:doc_5962248eb9bc6289,approved_crawled_document,doc_5962248eb9bc6289,Хроника российского эмбарго на молдавские вина — Wine and Spirits,ru,approved,approved,true,postgres:knowledge_documents.text,20000,18,,include,,,09fdba089ee5b440dc4b2664a28d53b72b0b4e94aa03f3725b6b21338ef616b0,09fdba089ee5b440dc4b2664a28d53b72b0b4e94aa03f3725b6b21338ef616b0
disc:doc_5a0e467093c5fb34,approved_crawled_document,doc_5a0e467093c5fb34,Cricova - Acasă,ro,approved,approved,true,postgres:knowledge_documents.text,996,1,,include,,,8b6f9e096768e74a601031b228767cae17dcc663f96b833b61dbe392465b5e4f,8b6f9e096768e74a601031b228767cae17dcc663f96b833b61dbe392465b5e4f
disc:doc_5beb88272d27f1e8,approved_crawled_document,doc_5beb88272d27f1e8,"Stella Rosa – это вина, эмоции и тренды — Wine and Spirits",ru,approved,approved,true,postgres:knowledge_documents.text,7291,7,,include,,,a586b54613aff72a3383eb5f8eb949d1512e4a1e21c7d0a722865b421805bf0e,a586b54613aff72a3383eb5f8eb949d1512e4a1e21c7d0a722865b421805bf0e
disc:doc_5c5811129068b129,approved_crawled_document,doc_5c5811129068b129,Как вино помогает бороться со старением кожи — Wine and Spirits,ru,approved,approved,true,postgres:knowledge_documents.text,5361,6,,include,,,5f8a30796e8c98727fe8ad1fb3941ae0c0e02d2ea9d98828d3fd9e9f30410d26,5f8a30796e8c98727fe8ad1fb3941ae0c0e02d2ea9d98828d3fd9e9f30410d26
disc:doc_5d13a1eb5c1b06af,approved_crawled_document,doc_5d13a1eb5c1b06af,Сезон виноделия-2025: на Kazayk-Vin — Wine and Spirits,ru,approved,approved,true,postgres:knowledge_documents.text,4934,6,,include,,,8fa8c742dd9ae0591c1d7939bc8d92a0a5bda6e820df2180eec3adab575da47b,8fa8c742dd9ae0591c1d7939bc8d92a0a5bda6e820df2180eec3adab575da47b
disc:doc_5f22f56f6caef75d,approved_crawled_document,doc_5f22f56f6caef75d,Чем отличаются молдавские дивины? — Wine and Spirits,ru,approved,approved,true,postgres:knowledge_documents.text,7959,8,,include,,,655585c58a28fa6e8630dc949a974f040f92387ce650fd8656ae57281c3efafc,655585c58a28fa6e8630dc949a974f040f92387ce650fd8656ae57281c3efafc
disc:doc_5f845320c5812f59,approved_crawled_document,doc_5f845320c5812f59,Винный Туризм - Wine of Moldova,ru,approved,approved,true,postgres:knowledge_documents.text,1144,1,,include,,,366344c3599b7d143545da42adeae202ee52737f2cd87dc9a71de8b120800d8b,366344c3599b7d143545da42adeae202ee52737f2cd87dc9a71de8b120800d8b
disc:doc_6012d5cc815c3f30,approved_crawled_document,doc_6012d5cc815c3f30,АО Aroma увеличило продажи наполовину — Wine and Spirits,ru,approved,approved,true,postgres:knowledge_documents.text,3302,3,,include,,,02f8256c5f4873335d6b822e6efc017eb22687d9b15a443aefd75fb22e53bd41,02f8256c5f4873335d6b822e6efc017eb22687d9b15a443aefd75fb22e53bd41
disc:doc_60bbe539bdb8f5a3,approved_crawled_document,doc_60bbe539bdb8f5a3,Что такое тело вина? — Wine and Spirits,ru,approved,approved,true,postgres:knowledge_documents.text,4117,4,,include,,,61b3f77223719e6012bb702b4b119ad453bd8fd5d4758f2cd66a215b6bae64a9,61b3f77223719e6012bb702b4b119ad453bd8fd5d4758f2cd66a215b6bae64a9
disc:doc_623160377b395a05,approved_crawled_document,doc_623160377b395a05,Castel Mimi - First 5-Star Zero Emission Wine Resort,en,approved,approved,true,postgres:knowledge_documents.text,2030,2,,include,,,01360a48e7abfef14d5155716cc096812925df0f0341808536f7db67194acfc4,01360a48e7abfef14d5155716cc096812925df0f0341808536f7db67194acfc4
disc:doc_62428252d133708b,approved_crawled_document,doc_62428252d133708b,Полезные свойства вина «Кагор»/ Pastoral — Wine and Spirits,ru,approved,approved,true,postgres:knowledge_documents.text,3628,4,,include,,,86cb6ab17533b4cdd480dfd45b6c25613f9139cdfcea92a7cdcabc702a021993,86cb6ab17533b4cdd480dfd45b6c25613f9139cdfcea92a7cdcabc702a021993
disc:doc_640de7c9fc82f5d9,approved_crawled_document,doc_640de7c9fc82f5d9,Почему на некоторых винодельнях виноград давят ногами?   — Wine and Spirits,ru,approved,approved,true,postgres:knowledge_documents.text,5954,5,,include,,,a0ba0b55aa2d40cfd001bd08c079b06718931dae5c996872ca9c58369b85ba15,a0ba0b55aa2d40cfd001bd08c079b06718931dae5c996872ca9c58369b85ba15
disc:doc_65e64d0bbaa2ad3c,approved_crawled_document,doc_65e64d0bbaa2ad3c,"ProWein` 2024: Молдова представила вина, изготовленные с помощью ИИ (ВИДЕО) — Wine and Spirits",ru,approved,approved,true,postgres:knowledge_documents.text,8733,9,,include,,,67c5402649d139b05d4a5c6d38505fc921a362b4e44ad5f3498d95b86350105e,67c5402649d139b05d4a5c6d38505fc921a362b4e44ad5f3498d95b86350105e
disc:doc_6638822e740fe77e,approved_crawled_document,doc_6638822e740fe77e,Владимир Давидеску: «Grand Gold — это не случайность и не удача» — Wine and Spirits,ru,approved,approved,true,postgres:knowledge_documents.text,8137,9,,include,,,1a28fa493f962f515571203b31f55b0dae825296818076470fe070d2096389db,1a28fa493f962f515571203b31f55b0dae825296818076470fe070d2096389db
disc:doc_672dc98113d39453,approved_crawled_document,doc_672dc98113d39453,Константин Олару о своей коньячной эпопее — Wine and Spirits,ru,approved,approved,true,postgres:knowledge_documents.text,14990,12,,include,,,1bf63725eb41030bbec05704143d5cb80d2c071223016283719a5be4b950ad2d,1bf63725eb41030bbec05704143d5cb80d2c071223016283719a5be4b950ad2d
disc:doc_67ceb2f4e87fd86a,approved_crawled_document,doc_67ceb2f4e87fd86a,Что значат термины в дегустационных описаниях вин. Часть 1. — Wine and Spirits,ru,approved,approved,true,postgres:knowledge_documents.text,3838,3,,include,,,317ddbf3a3dfad91fd057671d0c03db1b3e0f1e44b89acb7974bd48e23010c98,317ddbf3a3dfad91fd057671d0c03db1b3e0f1e44b89acb7974bd48e23010c98
disc:doc_68bc4c44bbc6d08c,approved_crawled_document,doc_68bc4c44bbc6d08c,Wine Republic на крыше с видом на закат — Wine and Spirits,ru,approved,approved,true,postgres:knowledge_documents.text,7538,6,,include,,,a31afc0513332820857138b5d8db4673275859b6f4b8d33f3d292944b8572293,a31afc0513332820857138b5d8db4673275859b6f4b8d33f3d292944b8572293
disc:doc_68d04db9a2c15911,approved_crawled_document,doc_68d04db9a2c15911,В Молдове производят «Blue Moscato»! — Wine and Spirits,ru,approved,approved,true,postgres:knowledge_documents.text,4633,5,,include,,,51e3bca3c22ac036095a327b9658a86eab3b50473523148e0466a8e56e8d1468,51e3bca3c22ac036095a327b9658a86eab3b50473523148e0466a8e56e8d1468
disc:doc_6a853c66dd198ea0,approved_crawled_document,doc_6a853c66dd198ea0,Итоги 2025 г.: молдавский столовый виноград экспортировали в 42 страны — Wine and Spirits,ru,approved,approved,true,postgres:knowledge_documents.text,4716,4,,include,,,697e1937b60ce2d1f80d6ccf02174dbb338df4193682cb7c4e77ca8be0a068ef,697e1937b60ce2d1f80d6ccf02174dbb338df4193682cb7c4e77ca8be0a068ef
disc:doc_6b0216e497081e93,approved_crawled_document,doc_6b0216e497081e93,Первый в Великобритании магазин молдавских вин — Wine and Spirits,ru,approved,approved,true,postgres:knowledge_documents.text,8400,8,,include,,,de7edd888244df97c325716e851eb8574d2e2439a38a016832b5edd710495636,de7edd888244df97c325716e851eb8574d2e2439a38a016832b5edd710495636
disc:doc_6c385c099c30cdbd,approved_crawled_document,doc_6c385c099c30cdbd,Home - Chateau Vartely,en,approved,approved,true,postgres:knowledge_documents.text,3095,3,,include,,,ce44d0d9c6dabb87c43d6ee6609d10b0672d0d749ddbb686994900f90e29164f,ce44d0d9c6dabb87c43d6ee6609d10b0672d0d749ddbb686994900f90e29164f
disc:doc_6db990101fa40ea3,approved_crawled_document,doc_6db990101fa40ea3,Home - Etcetera,en,approved,approved,true,postgres:knowledge_documents.text,1740,2,,include,,,4d2bf95ab4663981ffaa00e1f58263f98934c8b62c1d85a3e2a5e1f56ce9805d,4d2bf95ab4663981ffaa00e1f58263f98934c8b62c1d85a3e2a5e1f56ce9805d
disc:doc_6f73a77545ea3ee0,approved_crawled_document,doc_6f73a77545ea3ee0,Награда во Франции и международный интерес к инновационной технологии молдавского винодела — Wine and Spirits,ru,approved,approved,true,postgres:knowledge_documents.text,10583,10,,include,,,3e817e3812f8fccef2ff815cd2df42f8e2512007285789d71ed85f7a0784b569,3e817e3812f8fccef2ff815cd2df42f8e2512007285789d71ed85f7a0784b569
disc:doc_7040beb71cc2005f,approved_crawled_document,doc_7040beb71cc2005f,Новые вина (и символы) Castel Mimi — Wine and Spirits,ru,approved,approved,true,postgres:knowledge_documents.text,12545,12,,include,,,a40184d4c895392f05037cf37a6fc51857d65b2168c38183bba2f29f07128229,a40184d4c895392f05037cf37a6fc51857d65b2168c38183bba2f29f07128229
disc:doc_715888a286c2ccd8,approved_crawled_document,doc_715888a286c2ccd8,Turism vitivinicol în Moldova - Wine of Moldova,ro,approved,approved,true,postgres:knowledge_documents.text,1248,2,,include,,,579201b64b8ec98282fc42f7874de77be0744c67c43d757b6afa7ebaae57ca22,579201b64b8ec98282fc42f7874de77be0744c67c43d757b6afa7ebaae57ca22
disc:doc_71d8a5d85c7adb4b,approved_crawled_document,doc_71d8a5d85c7adb4b,Ароматический ландшафт вин Feteasca Neagră в Молдове — Wine and Spirits,ru,approved,approved,true,postgres:knowledge_documents.text,9088,8,,include,,,b2674fad622217085522d3c6c363d1e4f0b282fb3148442c3178300de1925915,b2674fad622217085522d3c6c363d1e4f0b282fb3148442c3178300de1925915
disc:doc_7205e2a805a7f81c,approved_crawled_document,doc_7205e2a805a7f81c,Вино из дикого винограда Vitis sylvestris — Wine and Spirits,ru,approved,approved,true,postgres:knowledge_documents.text,10546,9,,include,,,ca1a3677a6d1193732fe688a93f56998242b2068f08f9e63d4f7f9547672adcd,ca1a3677a6d1193732fe688a93f56998242b2068f08f9e63d4f7f9547672adcd
disc:doc_73ba35b917daa1b9,approved_crawled_document,doc_73ba35b917daa1b9,Наши в Дании: история успеха без маркетингового бюджета — Wine and Spirits,ru,approved,approved,true,postgres:knowledge_documents.text,12750,11,,include,,,43bfdd7da552224c99026c98e7d6c6d993ee6dfa38348a1b168dbead17c60b05,43bfdd7da552224c99026c98e7d6c6d993ee6dfa38348a1b168dbead17c60b05
disc:doc_763e8894d58b8584,approved_crawled_document,doc_763e8894d58b8584,Экспорт молдавской винодельческой продукции за 9 мес. 2025 г. — Wine and Spirits,ru,approved,approved,true,postgres:knowledge_documents.text,3799,3,,include,,,b725dd560c7f8495d7b1ef37b278c016f866aaf283936bc419293f75dd3a6e9e,b725dd560c7f8495d7b1ef37b278c016f866aaf283936bc419293f75dd3a6e9e
disc:doc_7911d48c83270f8c,approved_crawled_document,doc_7911d48c83270f8c,Молдавские игристые вина VS Prosecco — Wine and Spirits,ru,approved,approved,true,postgres:knowledge_documents.text,8695,7,,include,,,0cdfc7c36968e550fbe45947b8a9bf5e9113561a01180704f59ff564a796a9b2,0cdfc7c36968e550fbe45947b8a9bf5e9113561a01180704f59ff564a796a9b2
disc:doc_797a5bb3680b3b12,approved_crawled_document,doc_797a5bb3680b3b12,Gitana Winery – Wine Producer,en,approved,approved,true,postgres:knowledge_documents.text,1396,2,,include,,,b4dd31d59bbb7bff9656f739c8e8345507055cc9005d65c682a30260769a5811,b4dd31d59bbb7bff9656f739c8e8345507055cc9005d65c682a30260769a5811
disc:doc_7bdc2824476f16ca,approved_crawled_document,doc_7bdc2824476f16ca,Переосмысление Alb de Onițcani — Wine and Spirits,ru,approved,approved,true,postgres:knowledge_documents.text,5452,6,,include,,,8e651e383d1c8a6f4c95714b259645a08134ac00aaa989a863b7869943a81d04,8e651e383d1c8a6f4c95714b259645a08134ac00aaa989a863b7869943a81d04
disc:doc_7c27af209d94bdb8,approved_crawled_document,doc_7c27af209d94bdb8,У производителей дивинов – свой ежегодный Трофей — Wine and Spirits,ru,approved,approved,true,postgres:knowledge_documents.text,4720,5,,include,,,36a485d892b652db2a958de7b3c3150e6614454ed4ef5f892fef76209b107b6c,36a485d892b652db2a958de7b3c3150e6614454ed4ef5f892fef76209b107b6c
disc:doc_7de374a8ff32e2ca,approved_crawled_document,doc_7de374a8ff32e2ca,Готовим мидии с белым вином (ВИДЕО) — Wine and Spirits,ru,approved,approved,true,postgres:knowledge_documents.text,3614,3,,include,,,2a44cb6f8c274602ae8776955af1caa4c8e7f5024a6fe6efdbf3c6d0508aae06,2a44cb6f8c274602ae8776955af1caa4c8e7f5024a6fe6efdbf3c6d0508aae06
disc:doc_7f1702a2c4d3d0a8,approved_crawled_document,doc_7f1702a2c4d3d0a8,Вино и секс: какая между ними связь? — Wine and Spirits,ru,approved,approved,true,postgres:knowledge_documents.text,4595,4,,include,,,642ecf79ef361a52d00e3c022dbd7fce8aaa3e1c159e5654799898718f66a593,642ecf79ef361a52d00e3c022dbd7fce8aaa3e1c159e5654799898718f66a593
disc:doc_7f1f4f24bcf35ff1,approved_crawled_document,doc_7f1f4f24bcf35ff1,Экспорт винодельческой продукции из Молдовы за 11 мес. 2025 г. — Wine and Spirits,ru,approved,approved,true,postgres:knowledge_documents.text,5931,6,,include,,,ff122eec6270f596a24eb88f26b1d766fdbbb3e26f1275667ecf689742952e15,ff122eec6270f596a24eb88f26b1d766fdbbb3e26f1275667ecf689742952e15
disc:doc_8162ded533d4617d,approved_crawled_document,doc_8162ded533d4617d,Молдаване открыли в Гааге ресторан: в меню – только молдавские вина — Wine and Spirits,ru,approved,approved,true,postgres:knowledge_documents.text,9027,9,,include,,,038a723fdd2d1d7f4f0b316815242ddd1233e1edbf600dbaccd580809b5f2c3d,038a723fdd2d1d7f4f0b316815242ddd1233e1edbf600dbaccd580809b5f2c3d
disc:doc_819f31e323a5acf2,approved_crawled_document,doc_819f31e323a5acf2,Молдавские БАДы – с эффектом лекарственных препаратов — Wine and Spirits,ru,approved,approved,true,postgres:knowledge_documents.text,10677,10,,include,,,faf55e51b151678224c197ae22a99615f3dbffd7ad140d96a27b514977f209d2,faf55e51b151678224c197ae22a99615f3dbffd7ad140d96a27b514977f209d2
disc:doc_82fceb775f0b9884,approved_crawled_document,doc_82fceb775f0b9884,Десерт для вина Cabernet sauvignon (ВИДЕО) — Wine and Spirits,ru,approved,approved,true,postgres:knowledge_documents.text,2840,3,,include,,,6ae43993551801c8672e9da3e086d2f8b5807d289b158b28c232e0f702bf3767,6ae43993551801c8672e9da3e086d2f8b5807d289b158b28c232e0f702bf3767
disc:doc_84d11d730d12961a,approved_crawled_document,doc_84d11d730d12961a,Зимние напитки на основе вина — Wine and Spirits,ru,approved,approved,true,postgres:knowledge_documents.text,10024,8,,include,,,ca00ca34964b22dad5ef2bddec7c37be0450c4f1971277720369b9ac2c873bb2,ca00ca34964b22dad5ef2bddec7c37be0450c4f1971277720369b9ac2c873bb2
disc:doc_87384499864ed6ab,approved_crawled_document,doc_87384499864ed6ab,Молдавские вина – снова на дегустации в Hedonism Wines (в Лондоне) — Wine and Spirits,ru,approved,approved,true,postgres:knowledge_documents.text,5499,5,,include,,,5807d28604248748f92ba028b9fbbf7cf3e8dfbdd1d46e7eaed255c85162b385,5807d28604248748f92ba028b9fbbf7cf3e8dfbdd1d46e7eaed255c85162b385
disc:doc_87542f66c7c5c9ad,approved_crawled_document,doc_87542f66c7c5c9ad,Ориентировочные цены на виноград технических сортов урожая-2025 — Wine and Spirits,ru,approved,approved,true,postgres:knowledge_documents.text,3038,3,,include,,,13a35c88bbb9b161b43973864d6770292f3a0be25d8a1fbfef1ff59be63bcb75,13a35c88bbb9b161b43973864d6770292f3a0be25d8a1fbfef1ff59be63bcb75
disc:doc_88b9cd931cc88f21,approved_crawled_document,doc_88b9cd931cc88f21,Эксклюзив — кекс на белом вине — Wine and Spirits,ru,approved,approved,true,postgres:knowledge_documents.text,2310,2,,include,,,4153b3f90462773bbeb3e7048e40099a137cd1b885a23c92474fe78937218726,4153b3f90462773bbeb3e7048e40099a137cd1b885a23c92474fe78937218726
disc:doc_897eb1193da0300b,approved_crawled_document,doc_897eb1193da0300b,News & Media - Wine of Moldova,en,approved,approved,true,postgres:knowledge_documents.text,625,1,,include,,,32789b6af42338e40a79e37103c4944a25e8705a77285231f73b796adfc4feb0,32789b6af42338e40a79e37103c4944a25e8705a77285231f73b796adfc4feb0
disc:doc_8a5663f0be32ff24,approved_crawled_document,doc_8a5663f0be32ff24,Шампань: первый урожай «кандидата на адаптацию» — Wine and Spirits,ru,approved,approved,true,postgres:knowledge_documents.text,4088,4,,include,,,65831cc3f70c020c310208ad06824ee393b97746e5c6b500f4c0b2b0cf3ad807,65831cc3f70c020c310208ad06824ee393b97746e5c6b500f4c0b2b0cf3ad807
disc:doc_8ace3fe0676b51d2,approved_crawled_document,doc_8ace3fe0676b51d2,"10 вещей, которые нужно знать о приготовлении пищи с вином — Wine and Spirits",ru,approved,approved,true,postgres:knowledge_documents.text,3929,4,,include,,,675e4876de866f09c690227ceeccc6e692a108eda5720349d06e3fb2a94d0f99,675e4876de866f09c690227ceeccc6e692a108eda5720349d06e3fb2a94d0f99
disc:doc_8bbf1baa62fcf8d0,approved_crawled_document,doc_8bbf1baa62fcf8d0,"Как налить вино, чтобы не пролить? (ВИДЕО) — Wine and Spirits",ru,approved,approved,true,postgres:knowledge_documents.text,5095,5,,include,,,f9ab7e23dd31f660b69eab34576eb7b37400c90bb6b1193c7d83c91db0dd9d8b,f9ab7e23dd31f660b69eab34576eb7b37400c90bb6b1193c7d83c91db0dd9d8b
disc:doc_8ca18acf199f81ec,approved_crawled_document,doc_8ca18acf199f81ec,Mileștii Mici увеличил прибыль более чем в полтора раза — Wine and Spirits,ru,approved,approved,true,postgres:knowledge_documents.text,5376,6,,include,,,d752df98f1c365699e710a84795197bcab3b65db3470e3d62b4fbf559e28063a,d752df98f1c365699e710a84795197bcab3b65db3470e3d62b4fbf559e28063a
disc:doc_8f4a2d125bab73fe,approved_crawled_document,doc_8f4a2d125bab73fe,Kvint,en,approved,approved,true,postgres:knowledge_documents.text,9594,9,,include,,,f218cf159d554034daa1786f939b7a163bbbc117855009c606cbf754bbb3ea8d,f218cf159d554034daa1786f939b7a163bbbc117855009c606cbf754bbb3ea8d
disc:doc_92cb38ff222511df,approved_crawled_document,doc_92cb38ff222511df,Regiuni Vitivinicole - Wine of Moldova,ro,approved,approved,true,postgres:knowledge_documents.text,1580,2,,include,,,e44048e1d3212d2c404f4019578b436152c29293304c54aa09bd9fd15965f5bf,e44048e1d3212d2c404f4019578b436152c29293304c54aa09bd9fd15965f5bf
disc:doc_937177aa956a5f46,approved_crawled_document,doc_937177aa956a5f46,Новые субсидии для виноделен в Молдове — Wine and Spirits,ru,approved,approved,true,postgres:knowledge_documents.text,7612,7,,include,,,754170a2e372a2ae879bb23357f7920d8586852c3a2dd205d457b724514f62c8,754170a2e372a2ae879bb23357f7920d8586852c3a2dd205d457b724514f62c8
disc:doc_946cfe0207f1f641,approved_crawled_document,doc_946cfe0207f1f641,«Лучшие вина» и «Кавалеры» зимнего «Вернисажа вин`2025» — Wine and Spirits,ru,approved,approved,true,postgres:knowledge_documents.text,2446,3,,include,,,cdda5102d617dd8b0e322633de286907fd388b0406b4612c0c7888558a9899a3,cdda5102d617dd8b0e322633de286907fd388b0406b4612c0c7888558a9899a3
disc:doc_9480f7de70f98e77,approved_crawled_document,doc_9480f7de70f98e77,В Молдове компенсации затрат на посадку виноградников достигнут 60% — Wine and Spirits,ru,approved,approved,true,postgres:knowledge_documents.text,8350,8,,include,,,3dec91909e5941ff215ba847e1d086b90f08d811d3622c9135279555df3b9d0a,3dec91909e5941ff215ba847e1d086b90f08d811d3622c9135279555df3b9d0a
disc:doc_95be766694142f02,approved_crawled_document,doc_95be766694142f02,Как алкоголь влияет на катаракту глаз — Wine and Spirits,ru,approved,approved,true,postgres:knowledge_documents.text,8849,9,,include,,,bca8ca9b11da6f775d2749336124b7aea1b1c26acb2597db15f47747e826ea8b,bca8ca9b11da6f775d2749336124b7aea1b1c26acb2597db15f47747e826ea8b
disc:doc_95ca8aba9947340f,approved_crawled_document,doc_95ca8aba9947340f,Kvint,en,approved,approved,true,postgres:knowledge_documents.text,1388,1,,include,,,6e762ac0d10c4fcc217618a4b5de28f36a93843fbb1b2b0d9867219fa05bb702,6e762ac0d10c4fcc217618a4b5de28f36a93843fbb1b2b0d9867219fa05bb702
disc:doc_95d051c4ca51b8d3,approved_crawled_document,doc_95d051c4ca51b8d3,Плюс винный бар молдавских вин в Гааге от братьев Буза — Wine and Spirits,ru,approved,approved,true,postgres:knowledge_documents.text,11829,11,,include,,,150118de4b7839e7fd83650afa2cdf4727eda27444f5e97ad8050eb55c39eab0,150118de4b7839e7fd83650afa2cdf4727eda27444f5e97ad8050eb55c39eab0
disc:doc_988f770f86e651f1,approved_crawled_document,doc_988f770f86e651f1,Александр Копанский: Invino – это было место для счастья — Wine and Spirits,ru,approved,approved,true,postgres:knowledge_documents.text,16199,15,,include,,,ee2f2d332e08ab6ab1882bb6248074e8b9c8fe3ff44a2c1e6c4495c557e41f60,ee2f2d332e08ab6ab1882bb6248074e8b9c8fe3ff44a2c1e6c4495c557e41f60
disc:doc_98c1570aaa7cde99,approved_crawled_document,doc_98c1570aaa7cde99,Маршрут авторских вин - Moldova Travel,ru,approved,approved,true,postgres:knowledge_documents.text,2496,3,,include,,,7c83ff0a0318825283af83483b939dec13cca360cda53be124cb707768365200,7c83ff0a0318825283af83483b939dec13cca360cda53be124cb707768365200
disc:doc_9a890e003fb7b01a,approved_crawled_document,doc_9a890e003fb7b01a,Декантер-волчок для вина и от «нервов» (ВИДЕО) — Wine and Spirits,ru,approved,approved,true,postgres:knowledge_documents.text,2980,4,,include,,,c1b86b09677c1c84755bd506249edb8211c8501426d071d4d17b3abcf3902cb5,c1b86b09677c1c84755bd506249edb8211c8501426d071d4d17b3abcf3902cb5
disc:doc_9b3cffc254560eec,approved_crawled_document,doc_9b3cffc254560eec,Какое вино выбрать к мамалыге? — Wine and Spirits,ru,approved,approved,true,postgres:knowledge_documents.text,6323,6,,include,,,2dd41c84636585275eca22ae6b369ad8096309f390f819da1ece974e68f57b60,2dd41c84636585275eca22ae6b369ad8096309f390f819da1ece974e68f57b60
disc:doc_9b9e4405ea551d5e,approved_crawled_document,doc_9b9e4405ea551d5e,Kvint,en,approved,approved,true,postgres:knowledge_documents.text,2133,1,4,include,,,235ac18f5b8549ad6039315d5b5ee47acb35d218b9b75e142409b86c665d7fa4,235ac18f5b8549ad6039315d5b5ee47acb35d218b9b75e142409b86c665d7fa4
disc:doc_9beae6c82981b560,approved_crawled_document,doc_9beae6c82981b560,Мой сабраж ложкой (ВИДЕО) — Wine and Spirits,ru,approved,approved,true,postgres:knowledge_documents.text,1251,2,,include,,,8420c86d36d51fcc80bfeb268d987301c0f9d5aea86193e1e32febd00bad52e1,8420c86d36d51fcc80bfeb268d987301c0f9d5aea86193e1e32febd00bad52e1
disc:doc_9c1149a30679ec48,approved_crawled_document,doc_9c1149a30679ec48,Как сохранить пузырьки в открытой бутылке игристого вина? — Wine and Spirits,ru,approved,approved,true,postgres:knowledge_documents.text,3016,3,,include,,,a196fbf7e428b89c473c23b633110f46385b2a21f248cc6b8860c0132bd5e966,a196fbf7e428b89c473c23b633110f46385b2a21f248cc6b8860c0132bd5e966
disc:doc_9d4d71ddfecff7c1,approved_crawled_document,doc_9d4d71ddfecff7c1,Новое поколение виноделов — Feteasca Generation — Wine and Spirits,ru,approved,approved,true,postgres:knowledge_documents.text,7597,9,,include,,,4cb01b07766f52796345c7a8d6e1194f97d8613ec24d8f0722419db2670ce1e8,4cb01b07766f52796345c7a8d6e1194f97d8613ec24d8f0722419db2670ce1e8
disc:doc_9ef15f14d8c2b81f,approved_crawled_document,doc_9ef15f14d8c2b81f,Зачем Молдове великие вина? — 2 — Wine and Spirits,ru,approved,approved,true,postgres:knowledge_documents.text,12262,12,,include,,,7a8ffdeb4b95a980a4ca827ea232903eea4e3a5700d02464278ee3525efc5360,7a8ffdeb4b95a980a4ca827ea232903eea4e3a5700d02464278ee3525efc5360
disc:doc_9f6593f6f694af3a,approved_crawled_document,doc_9f6593f6f694af3a,Cuvée des Fleurs — цветочная симфония в бокале — Wine and Spirits,ru,approved,approved,true,postgres:knowledge_documents.text,13910,13,,include,,,b8bda19881d18f6ed43392a7dc71fdd6d78ed9cd40841cf6ececbadbd61f660a,b8bda19881d18f6ed43392a7dc71fdd6d78ed9cd40841cf6ececbadbd61f660a
disc:doc_9fb0ef2902131a4d,approved_crawled_document,doc_9fb0ef2902131a4d,Алекс Касьянов: «Я мечтал привезти Молдову в Польшу» — Wine and Spirits,ru,approved,approved,true,postgres:knowledge_documents.text,12086,12,,include,,,31e4399e132af6e2cee0050de1a59be49edd98abeedc25c84efa3c998eb8671d,31e4399e132af6e2cee0050de1a59be49edd98abeedc25c84efa3c998eb8671d
disc:doc_a1c1b0078bfb2b93,approved_crawled_document,doc_a1c1b0078bfb2b93,Какими могут быть последствия снижения требований к качеству дивинов? — Wine and Spirits,ru,approved,approved,true,postgres:knowledge_documents.text,18131,20,,include,,,49658f532dded098178e95094cf06ffdd887c062384845f20c1124a16d12e7ce,49658f532dded098178e95094cf06ffdd887c062384845f20c1124a16d12e7ce
disc:doc_a4bdaa88dc6693f0,approved_crawled_document,doc_a4bdaa88dc6693f0,Лучший виноградарь 2025 года — Wine and Spirits,ru,approved,approved,true,postgres:knowledge_documents.text,3515,3,,include,,,85f38a82526911d2054cedd4ffb4fc3a05f442ea6415afb6496bf28fd64ce069,85f38a82526911d2054cedd4ffb4fc3a05f442ea6415afb6496bf28fd64ce069
disc:doc_a6c627a8da3bbce6,approved_crawled_document,doc_a6c627a8da3bbce6,Лучшие пары для игристых вин — Wine and Spirits,ru,approved,approved,true,postgres:knowledge_documents.text,2767,3,,include,,,6795f1ea96df0c20372966fb05170289f0127057384fcd8f6fa157af82b7a0c3,6795f1ea96df0c20372966fb05170289f0127057384fcd8f6fa157af82b7a0c3
disc:doc_a6d48c9d791dfe1c,approved_crawled_document,doc_a6d48c9d791dfe1c,Сорт винограда Флоричика (Floricica) vs Цветочный — Wine and Spirits,ru,approved,approved,true,postgres:knowledge_documents.text,7805,8,,include,,,70f87a460f1460f3c2b37b29ffd4c2b8fc7ac1360b73bc73e3b89ef4e2003ef3,70f87a460f1460f3c2b37b29ffd4c2b8fc7ac1360b73bc73e3b89ef4e2003ef3
disc:doc_a7a8d840b9b45be6,approved_crawled_document,doc_a7a8d840b9b45be6,Кто в Молдове производит orange wine? — Wine and Spirits,ru,approved,approved,true,postgres:knowledge_documents.text,20000,18,,include,,,284a2cd505efb334d506e9d57c0c5c8036222f996f2f8c541417b9f4dba2e70f,284a2cd505efb334d506e9d57c0c5c8036222f996f2f8c541417b9f4dba2e70f
disc:doc_a85ac4eda56702b5,approved_crawled_document,doc_a85ac4eda56702b5,Куда поехать на День вина`2024 в Молдове? — Wine and Spirits,ru,approved,approved,true,postgres:knowledge_documents.text,8985,8,,include,,,86becf0d0c4dd543aea6592a555f1e7f8bd31a774923146b1f435877b5d0b1d5,86becf0d0c4dd543aea6592a555f1e7f8bd31a774923146b1f435877b5d0b1d5
disc:doc_a96463ea90c81e14,approved_crawled_document,doc_a96463ea90c81e14,Magnat Acorex Wine — ностальгия по Acorex — Wine and Spirits,ru,approved,approved,true,postgres:knowledge_documents.text,4760,5,,include,,,faa22181e0e39416371d503c89690bdbc2a2da21aa6ad8e040a2c4f63886096c,faa22181e0e39416371d503c89690bdbc2a2da21aa6ad8e040a2c4f63886096c
disc:doc_aac623fb42dbd287,approved_crawled_document,doc_aac623fb42dbd287,Что норвежцы говорили о молдавских винах? — Wine and Spirits,ru,approved,approved,true,postgres:knowledge_documents.text,5688,5,,include,,,b92383c666be3012781de7b04d931f5ae51a77a47604bfea32eacf195e1c53f0,b92383c666be3012781de7b04d931f5ae51a77a47604bfea32eacf195e1c53f0
disc:doc_abf2565eac42cf27,approved_crawled_document,doc_abf2565eac42cf27,Гид по Chardonnay – самому популярному белому вину в мире — Wine and Spirits,ru,approved,approved,true,postgres:knowledge_documents.text,6282,6,,include,,,84413f2c1e66212ced7ec22ef0c5d04e77634549203e5f1b1d08f02f976c561b,84413f2c1e66212ced7ec22ef0c5d04e77634549203e5f1b1d08f02f976c561b
disc:doc_ae751618e18ebc03,approved_crawled_document,doc_ae751618e18ebc03,Effervescents du Monde`2025: игристые из Молдовы — в ТОП-10 — Wine and Spirits,ru,approved,approved,true,postgres:knowledge_documents.text,2054,2,,include,,,9c5cdbeab9e77fb17c111e5ffed08b89136a32623781cf5bafe9812e8740573b,9c5cdbeab9e77fb17c111e5ffed08b89136a32623781cf5bafe9812e8740573b
disc:doc_aeec6c22a11c0ef8,approved_crawled_document,doc_aeec6c22a11c0ef8,Чем полезен херес (shervin)? — Wine and Spirits,ru,approved,approved,true,postgres:knowledge_documents.text,1899,2,,include,,,e8b324d85fe28552314a10c89f54b243709f61c865cfd7cc16eeddafc1007a8b,e8b324d85fe28552314a10c89f54b243709f61c865cfd7cc16eeddafc1007a8b
disc:doc_afc545e8b1b8e81a,approved_crawled_document,doc_afc545e8b1b8e81a,"Составлен рейтинг молдавских вин, которые являются «умной покупкой» — Wine and Spirits",ru,approved,approved,true,postgres:knowledge_documents.text,13903,14,,include,,,c9cef5acfab4d7a51c5c9b6404da89b3418709e18708bf9713565a598571ebc1,c9cef5acfab4d7a51c5c9b6404da89b3418709e18708bf9713565a598571ebc1
disc:doc_b02ecbb7a00a4171,approved_crawled_document,doc_b02ecbb7a00a4171,Новости и СМИ - Wine of Moldova,ru,approved,approved,true,postgres:knowledge_documents.text,676,1,,include,,,119c058a7f054052ef9b6db8bff21c75bbd38f16ec50ddccc412313d7e68e888,119c058a7f054052ef9b6db8bff21c75bbd38f16ec50ddccc412313d7e68e888
disc:doc_b0846a1cfb9a9aa8,approved_crawled_document,doc_b0846a1cfb9a9aa8,Импорт винного балка в Молдову попал под мониторинг — Wine and Spirits,ru,approved,approved,true,postgres:knowledge_documents.text,4228,4,,include,,,5c4748d941ac61080df15ea5e3c0a5c57a57b7b60837f6cd9a2f821087f56afd,5c4748d941ac61080df15ea5e3c0a5c57a57b7b60837f6cd9a2f821087f56afd
disc:doc_b0d33db4591ca704,approved_crawled_document,doc_b0d33db4591ca704,Сезон виноделия-2025: на Basavin Winery — Wine and Spirits,ru,approved,approved,true,postgres:knowledge_documents.text,9946,10,,include,,,451213bd8354ea6e817d8c185ce61b4ba0e702c3ab9a66e8cf12ecb56d21d620,451213bd8354ea6e817d8c185ce61b4ba0e702c3ab9a66e8cf12ecb56d21d620
disc:doc_b14c799c8dd52ae2,approved_crawled_document,doc_b14c799c8dd52ae2,Crama Vulpe: новый малый производитель с авторским стилем — Wine and Spirits,ru,approved,approved,true,postgres:knowledge_documents.text,10732,10,,include,,,460addce4e343d4e3092a6b2c93a60057ec076e88f7e2a335a06caf622e77fa4,460addce4e343d4e3092a6b2c93a60057ec076e88f7e2a335a06caf622e77fa4
disc:doc_b1619b5036180caa,approved_crawled_document,doc_b1619b5036180caa,Первые в Молдове 5-летние дивины со статусом IGP Divin – от Călărași Divin — Wine and Spirits,ru,approved,approved,true,postgres:knowledge_documents.text,8457,9,,include,,,ef5565fb9ef90947445b2abf35faa91707305da346d800592abbcadd3bf86a5c,ef5565fb9ef90947445b2abf35faa91707305da346d800592abbcadd3bf86a5c
disc:doc_b21ddd4031fbc86a,approved_crawled_document,doc_b21ddd4031fbc86a,Crame - Purcari Wineries        Purcari Wineries,ro,approved,approved,true,postgres:knowledge_documents.text,5499,5,,include,,,354873e7d6fb344a4ca6d4e00676d3fdbb6f6948a969f09806ac808ba142e3b6,354873e7d6fb344a4ca6d4e00676d3fdbb6f6948a969f09806ac808ba142e3b6
disc:doc_b280145683b5ee1f,approved_crawled_document,doc_b280145683b5ee1f,Сезон виноделия-2025: в компании Sălcuța — Wine and Spirits,ru,approved,approved,true,postgres:knowledge_documents.text,7502,7,,include,,,cc12a56311f3abba805220ec612b6ae4561084301bc99016b4400558f16cec4c,cc12a56311f3abba805220ec612b6ae4561084301bc99016b4400558f16cec4c
disc:doc_b43c65c53d239343,approved_crawled_document,doc_b43c65c53d239343,Călărași Divin открыл в Бельцах фирменный магазин «в новом формате» — Wine and Spirits,ru,approved,approved,true,postgres:knowledge_documents.text,6819,6,,include,,,e14cc557b5061f8fb1e2644c01148b80a8d3f859fd597c99e7110ec2026c51e1,e14cc557b5061f8fb1e2644c01148b80a8d3f859fd597c99e7110ec2026c51e1
disc:doc_b4f8368e0c1b438a,approved_crawled_document,doc_b4f8368e0c1b438a,Молдавское Вино - Wine of Moldova,ru,approved,approved,true,postgres:knowledge_documents.text,850,1,,include,,,0bcf9df90839dd27c803e884fdf44acf652fb7d887374133b62f32d89c35f4d1,0bcf9df90839dd27c803e884fdf44acf652fb7d887374133b62f32d89c35f4d1
disc:doc_b527ca60b750d485,approved_crawled_document,doc_b527ca60b750d485,"Лучшие вина Fetească Neagră, Feteasca Regală, Rara Neagră и Viorica — Wine and Spirits",ru,approved,approved,true,postgres:knowledge_documents.text,3025,3,,include,,,f01064f7c5c68dbed336aa1bede373cd20ca45cc01c87f6e4b3293b8700b8c92,f01064f7c5c68dbed336aa1bede373cd20ca45cc01c87f6e4b3293b8700b8c92
disc:doc_ba965ea5ea96abd9,approved_crawled_document,doc_ba965ea5ea96abd9,Divin: из категории — в «географию» — Wine and Spirits,ru,approved,approved,true,postgres:knowledge_documents.text,15580,15,,include,,,801c45dfe8e95a69bd61d0ab3dd619aaf3cea7402a502eb3e337bb57422ebccd,801c45dfe8e95a69bd61d0ab3dd619aaf3cea7402a502eb3e337bb57422ebccd
disc:doc_bc1965306c82e84f,approved_crawled_document,doc_bc1965306c82e84f,"Винодельни, где принимают гостей в День вина`2025 в Молдове — Wine and Spirits",ru,approved,approved,true,postgres:knowledge_documents.text,8870,8,,include,,,8120c1a274b87a2da30103a133302115e69bd15e4d8f274374099a85ab0e1ae2,8120c1a274b87a2da30103a133302115e69bd15e4d8f274374099a85ab0e1ae2
disc:doc_bd44806e579d6786,approved_crawled_document,doc_bd44806e579d6786,Epicrama: когда презентация вин — спектакль из пяти актов — Wine and Spirits,ru,approved,approved,true,postgres:knowledge_documents.text,9758,8,,include,,,df6b6a1cdf20ab95fdfe931224ce6424092f851e714419926d19e4a309890ac7,df6b6a1cdf20ab95fdfe931224ce6424092f851e714419926d19e4a309890ac7
disc:doc_bd48c1701c69e6d8,approved_crawled_document,doc_bd48c1701c69e6d8,Субсидии для столового виноградарства в Молдове — Wine and Spirits,ru,approved,approved,true,postgres:knowledge_documents.text,7590,7,,include,,,c37c6394376f472f0ac21a28bbd9b9a4991b06744bc71e1511374e1de4599284,c37c6394376f472f0ac21a28bbd9b9a4991b06744bc71e1511374e1de4599284
disc:doc_bd4b5649ccede80b,approved_crawled_document,doc_bd4b5649ccede80b,"Дегустируем, как профи — Wine and Spirits",ru,approved,approved,true,postgres:knowledge_documents.text,6512,5,,include,,,9d2fdd10f062ba0e04dd8c569d97c8fc2bec860ddec6f3d4f608deb74f3805ba,9d2fdd10f062ba0e04dd8c569d97c8fc2bec860ddec6f3d4f608deb74f3805ba
disc:doc_bdf75cf735b04587,approved_crawled_document,doc_bdf75cf735b04587,Точное виноделие Purcari: новые вина серии «1827» — Wine and Spirits,ru,approved,approved,true,postgres:knowledge_documents.text,12208,10,,include,,,96e811504ab7f1b3e663de37392e6bef044761a700f30a8544df0bfc697d8ff0,96e811504ab7f1b3e663de37392e6bef044761a700f30a8544df0bfc697d8ff0
disc:doc_c109b2465a0aafac,approved_crawled_document,doc_c109b2465a0aafac,У молдавского виноградарства и виноделия появились ориентиры для развития — Wine and Spirits,ru,approved,approved,true,postgres:knowledge_documents.text,14645,13,,include,,,88b1b11a72e0426564ccbf3ad6fed89cc1d24c49506d601cdcb5e23b0fe77448,88b1b11a72e0426564ccbf3ad6fed89cc1d24c49506d601cdcb5e23b0fe77448
disc:doc_c1e28a43e4afdbfa,approved_crawled_document,doc_c1e28a43e4afdbfa,Wine Regions - Wine of Moldova,en,approved,approved,true,postgres:knowledge_documents.text,1538,2,,include,,,181070d7c50115c1e60de1da169fbd9dd3c7fcaa3118cd5aef5f63c5297f802a,181070d7c50115c1e60de1da169fbd9dd3c7fcaa3118cd5aef5f63c5297f802a
disc:doc_c4d9cf5402051f68,approved_crawled_document,doc_c4d9cf5402051f68,Vinul Moldovei - Wine of Moldova,ro,approved,approved,true,postgres:knowledge_documents.text,853,1,,include,,,7bbd65e237edd66277d220add15f376a16f625a592f55f10a76c20a56ca11dd8,7bbd65e237edd66277d220add15f376a16f625a592f55f10a76c20a56ca11dd8
disc:doc_c6568228e9390b5c,approved_crawled_document,doc_c6568228e9390b5c,Из чего пить виски? — Wine and Spirits,ru,approved,approved,true,postgres:knowledge_documents.text,7309,8,,include,,,535ffeee6e9cf46d4630b41d4f24be09bd6288e1aec605c4822758811d984f8b,535ffeee6e9cf46d4630b41d4f24be09bd6288e1aec605c4822758811d984f8b
disc:doc_c88df89ef6c0e647,approved_crawled_document,doc_c88df89ef6c0e647,«Школьные» вина экспортируются в Канаду — Wine and Spirits,ru,approved,approved,true,postgres:knowledge_documents.text,12288,13,,include,,,8a5a9dabd6c5ca34561924583e25646aa9d9be4e9a359d708984f47b1cc1aaae,8a5a9dabd6c5ca34561924583e25646aa9d9be4e9a359d708984f47b1cc1aaae
disc:doc_ca189c5ccf19f6d1,approved_crawled_document,doc_ca189c5ccf19f6d1,Сезон виноделия-2025: в Cricova — Wine and Spirits,ru,approved,approved,true,postgres:knowledge_documents.text,6626,8,,include,,,2b9c9c26f1a51d1d7f1cfade5fe443c14b44c692c6cd2c80f7087b3b6f8290df,2b9c9c26f1a51d1d7f1cfade5fe443c14b44c692c6cd2c80f7087b3b6f8290df
disc:doc_caf047cc179c8492,approved_crawled_document,doc_caf047cc179c8492,Юрие Скутару: «Мы обречены производить качественные вина» — Wine and Spirits,ru,approved,approved,true,postgres:knowledge_documents.text,18385,16,,include,,,f90960811418e23b6d5115b44babfff848275778057ea2f59484de26d308eba0,f90960811418e23b6d5115b44babfff848275778057ea2f59484de26d308eba0
disc:doc_cb496956b6a3a15d,approved_crawled_document,doc_cb496956b6a3a15d,Alcohol Free: безалкогольные вина из Молдовы — Wine and Spirits,ru,approved,approved,true,postgres:knowledge_documents.text,16206,17,,include,,,5508f7d2da3f3c53cac154697d75f06bd624f771e822a4f763f22b3c95dceaba,5508f7d2da3f3c53cac154697d75f06bd624f771e822a4f763f22b3c95dceaba
disc:doc_ccd7f8ef35a57a31,approved_crawled_document,doc_ccd7f8ef35a57a31,Награды Национального дня вина`2024 — Wine and Spirits,ru,approved,approved,true,postgres:knowledge_documents.text,4099,4,,include,,,a6dc09d3a737f2d792b3be010135ea43ec9355c5f1f0b6e9a55bec9440867134,a6dc09d3a737f2d792b3be010135ea43ec9355c5f1f0b6e9a55bec9440867134
disc:doc_cd9e7b96026cda5b,approved_crawled_document,doc_cd9e7b96026cda5b,Экспорт винодельческой продукции из Молдовы за 7 мес. 2025 г. — Wine and Spirits,ru,approved,approved,true,postgres:knowledge_documents.text,4530,4,,include,,,0ae5ea0508d686f094aa28bddbfaa5c51bc8858f33fe59c281cfac0a85dbf2fa,0ae5ea0508d686f094aa28bddbfaa5c51bc8858f33fe59c281cfac0a85dbf2fa
disc:doc_cf0a7004ca7d49ee,approved_crawled_document,doc_cf0a7004ca7d49ee,Știri și Media - Wine of Moldova,ro,approved,approved,true,postgres:knowledge_documents.text,724,1,,include,,,128bf4f1e5ed7ff1dec39efb30a728a2ef78ceb9e4fa50d6e89f31f297b3c105,128bf4f1e5ed7ff1dec39efb30a728a2ef78ceb9e4fa50d6e89f31f297b3c105
disc:doc_cf170ac76e20fe1a,approved_crawled_document,doc_cf170ac76e20fe1a,Откуда «перец» в винах Syrah/ Shiraz? — Wine and Spirits,ru,approved,approved,true,postgres:knowledge_documents.text,3076,3,,include,,,9661617e4ca896a62018fb0f6a8eda8235dcca9edde884f4e40cfa023fcce37e,9661617e4ca896a62018fb0f6a8eda8235dcca9edde884f4e40cfa023fcce37e
disc:doc_d1701352723d348e,approved_crawled_document,doc_d1701352723d348e,Сочетания трав и специй с вином — Wine and Spirits,ru,approved,approved,true,postgres:knowledge_documents.text,3901,4,,include,,,7448cf448b6ccea93b6e8d517d8d789a420e34b60383b84b2a9cb72fa2fbaabd,7448cf448b6ccea93b6e8d517d8d789a420e34b60383b84b2a9cb72fa2fbaabd
disc:doc_d24d4a98b1031bac,approved_crawled_document,doc_d24d4a98b1031bac,Английский след в энотеке Invino — Wine and Spirits,ru,approved,approved,true,postgres:knowledge_documents.text,7556,7,,include,,,38ba8c486c3fa32c8b6e07b8aaa2911d3c2e132869eb73f428c94959e566c7cd,38ba8c486c3fa32c8b6e07b8aaa2911d3c2e132869eb73f428c94959e566c7cd
disc:doc_d297ee44f12cc54a,approved_crawled_document,doc_d297ee44f12cc54a,"Рара-нягрэ — больше, чем морфология, это — идентичность — Wine and Spirits",ru,approved,approved,true,postgres:knowledge_documents.text,6621,7,,include,,,6c4f4615e2004c81e869070482a67753c7a4ebbe194f7b13754584336574cc24,6c4f4615e2004c81e869070482a67753c7a4ebbe194f7b13754584336574cc24
disc:doc_d36e8e19facd851c,approved_crawled_document,doc_d36e8e19facd851c,"Автохтон Копчак — в вине! Copceac, 2022 от Novak Winery — Wine and Spirits",ru,approved,approved,true,postgres:knowledge_documents.text,8003,7,,include,,,9de0983006640a8be31694e5015fe4d221f939375ef91dc1cc6ee17bb0fe9328,9de0983006640a8be31694e5015fe4d221f939375ef91dc1cc6ee17bb0fe9328
disc:doc_d591a69378c29f93,approved_crawled_document,doc_d591a69378c29f93,Над чем работали молдавские ученые в 2023 г. — Wine and Spirits,ru,approved,approved,true,postgres:knowledge_documents.text,16141,18,,include,,,a23378a676fb77e255d352bfc157674ed48a6f86f546d2cbd744a49d0e998392,a23378a676fb77e255d352bfc157674ed48a6f86f546d2cbd744a49d0e998392
disc:doc_d70e99392d2d5692,approved_crawled_document,doc_d70e99392d2d5692,Пополнение на полке молдавских органических вин — Wine and Spirits,ru,approved,approved,true,postgres:knowledge_documents.text,12600,13,,include,,,444cdd16b6211ede7625806a6cce1436d7dad633608341e928dd1110600ac2c6,444cdd16b6211ede7625806a6cce1436d7dad633608341e928dd1110600ac2c6
disc:doc_d9c9956cc2f16e5f,approved_crawled_document,doc_d9c9956cc2f16e5f,Как алкоголь влияет на наш мозг? — Wine and Spirits,ru,approved,approved,true,postgres:knowledge_documents.text,11266,10,,include,,,d10537b5d63c6ef8e3f8536c5dc7751d77f78a67be43e1b8d9b3cf1ff0f981d5,d10537b5d63c6ef8e3f8536c5dc7751d77f78a67be43e1b8d9b3cf1ff0f981d5
disc:doc_db44e1112c86b951,approved_crawled_document,doc_db44e1112c86b951,Молдавские вина в Hedonism Wines (в Лондоне) — Wine and Spirits,ru,approved,approved,true,postgres:knowledge_documents.text,11485,13,,include,,,856ba93d3dd30ab74a99f75f30e7d1f4ea4fc7ec34306dded962cc4309cae7ec,856ba93d3dd30ab74a99f75f30e7d1f4ea4fc7ec34306dded962cc4309cae7ec
disc:doc_dc72d1dedfa0ee60,approved_crawled_document,doc_dc72d1dedfa0ee60,"Chardonnay, ты моё Chardonnay — always and forever! — Wine and Spirits",ru,approved,approved,true,postgres:knowledge_documents.text,3819,5,,include,,,8aad24a6369ca2ad3f231dcc6f2c6ad3b7cd917843dbbf610eff2ce68773d6ec,8aad24a6369ca2ad3f231dcc6f2c6ad3b7cd917843dbbf610eff2ce68773d6ec
disc:doc_de2e720e656430e3,approved_crawled_document,doc_de2e720e656430e3,Винный ресторан и винотека LeVin – интересное винное место — Wine and Spirits,ru,approved,approved,true,postgres:knowledge_documents.text,20000,20,,include,,,c3818e87e89c7984f2bff0771263c6ebab147f1b27225a2b5d2b53db6801166f,c3818e87e89c7984f2bff0771263c6ebab147f1b27225a2b5d2b53db6801166f
disc:doc_df18dde19f4ba969,approved_crawled_document,doc_df18dde19f4ba969,"V/ia/ Wine Bar — винные бар, бутик и «шоу-рум» — Wine and Spirits",ru,approved,approved,true,postgres:knowledge_documents.text,8587,7,,include,,,6fac7a0b9ee1443719566a5c06c812bf1751165f03a673436d48a3183e2b1502,6fac7a0b9ee1443719566a5c06c812bf1751165f03a673436d48a3183e2b1502
disc:doc_e128f0ade45ee5b9,approved_crawled_document,doc_e128f0ade45ee5b9,Скончался первый «летающий» винодел — Wine and Spirits,ru,approved,approved,true,postgres:knowledge_documents.text,7246,7,,include,,,6d825710c9ddd4b1c6eb0aed14a91474debe1c73e78d259cbcf7824e91b3f2d8,6d825710c9ddd4b1c6eb0aed14a91474debe1c73e78d259cbcf7824e91b3f2d8
disc:doc_e36d372cdef65a1b,approved_crawled_document,doc_e36d372cdef65a1b,Creamfield – наш ответ Baileys — Wine and Spirits,ru,approved,approved,true,postgres:knowledge_documents.text,3532,3,,include,,,bd040b27b77bfb2f7bc8971c355d4260c95a89b3a7b9e54f5ca005335d35bcad,bd040b27b77bfb2f7bc8971c355d4260c95a89b3a7b9e54f5ca005335d35bcad
disc:doc_e37ad104e391d5e1,approved_crawled_document,doc_e37ad104e391d5e1,"Сезон виноделия-2024: «Когда я увидела сусло, несколько минут не могла говорить» — Wine and Spirits",ru,approved,approved,true,postgres:knowledge_documents.text,7619,7,,include,,,953fc637409e7e89630e426c3d7ff744d1e04b5f59467843616ee9acf5196a05,953fc637409e7e89630e426c3d7ff744d1e04b5f59467843616ee9acf5196a05
disc:doc_e395884f3955bb8c,approved_crawled_document,doc_e395884f3955bb8c,Из жизни «волшебных» пузырьков в игристых винах — Wine and Spirits,ru,approved,approved,true,postgres:knowledge_documents.text,7014,7,,include,,,469e3d6a529ba32c4b5c681a0afa39bcd4d12ecf9012d4bd05b9423d883fd467,469e3d6a529ba32c4b5c681a0afa39bcd4d12ecf9012d4bd05b9423d883fd467
disc:doc_e854c1e24592c4ea,approved_crawled_document,doc_e854c1e24592c4ea,Что значат термины в дегустационных описаниях вин. Часть 2. — Wine and Spirits,ru,approved,approved,true,postgres:knowledge_documents.text,5788,5,,include,,,924bbea0b1435d9eaf50b9f935909c6df9d671742d8cd3ee6f114b6885755549,924bbea0b1435d9eaf50b9f935909c6df9d671742d8cd3ee6f114b6885755549
disc:doc_e93d61c2a78a84ca,approved_crawled_document,doc_e93d61c2a78a84ca,Вина Cricova вернулись на рынок США — Wine and Spirits,ru,approved,approved,true,postgres:knowledge_documents.text,6689,6,,include,,,3deeaf574ae22297aec8390ceaf4ee0c6dd5efcf590a947062458eecdd4a7d7a,3deeaf574ae22297aec8390ceaf4ee0c6dd5efcf590a947062458eecdd4a7d7a
disc:doc_ec0e3bc267a199e9,approved_crawled_document,doc_ec0e3bc267a199e9,Экспорт молдавской винодельческой продукции за январь-июнь 2026 г. — Wine and Spirits,ru,approved,approved,true,postgres:knowledge_documents.text,3083,3,,include,,,aabf2bd4c65b8d86daf9d9fb57e5bc1570bee03fc71c5bd909b5ce4ae448f483,aabf2bd4c65b8d86daf9d9fb57e5bc1570bee03fc71c5bd909b5ce4ae448f483
disc:doc_ed46391beb2eeec5,approved_crawled_document,doc_ed46391beb2eeec5,Wine of Moldova: инвестиции за последние 10 лет — Wine and Spirits,ru,approved,approved,true,postgres:knowledge_documents.text,11331,11,,include,,,dc45cce558dcd47c6c37723c130d2db70a542fa586a4a16e0f5cb322e95642a4,dc45cce558dcd47c6c37723c130d2db70a542fa586a4a16e0f5cb322e95642a4
disc:doc_ee1ece0fa74fd06f,approved_crawled_document,doc_ee1ece0fa74fd06f,Как легко открыть бутылку вина со screw cap (ВИДЕО) — Wine and Spirits,ru,approved,approved,true,postgres:knowledge_documents.text,2469,3,,include,,,42ec495545101efc05672262697ef21d60de98728be242e0cb0c48cd7e7e60f8,42ec495545101efc05672262697ef21d60de98728be242e0cb0c48cd7e7e60f8
disc:doc_ee9c8780d56282a1,approved_crawled_document,doc_ee9c8780d56282a1,Вам нужен декантер или аэратор? (ВИДЕО) — Wine and Spirits,ru,approved,approved,true,postgres:knowledge_documents.text,3555,3,,include,,,3a970d8f91d5fd603ca50e67f2d35891ab682d1f0afad4bfe51209363cf8ceee,3a970d8f91d5fd603ca50e67f2d35891ab682d1f0afad4bfe51209363cf8ceee
disc:doc_f0f8f9847439a0ab,approved_crawled_document,doc_f0f8f9847439a0ab,Правила вкуса от Александра Зорина — Wine and Spirits,ru,approved,approved,true,postgres:knowledge_documents.text,13327,12,,include,,,8e8864215aafe8d8d5561d1b22fd56617b7d41ba35e41a5a462912c0dddd0849,8e8864215aafe8d8d5561d1b22fd56617b7d41ba35e41a5a462912c0dddd0849
disc:doc_f0f929b87ed83b54,approved_crawled_document,doc_f0f929b87ed83b54,Products - Basavin,en,approved,approved,true,postgres:knowledge_documents.text,6975,6,,include,,,0da700fe0bdc17632243f8ae5e21fc2104611c1594f3c094520f252be8d1525b,0da700fe0bdc17632243f8ae5e21fc2104611c1594f3c094520f252be8d1525b
disc:doc_f237be0964ab3594,approved_crawled_document,doc_f237be0964ab3594,Румынская Băbească neagră против молдавской Rară neagră. Кто победил? — Wine and Spirits,ru,approved,approved,true,postgres:knowledge_documents.text,6200,7,,include,,,a631ddec78d29777b81b0d85d8cf0299bb80c49ed3951d6bbd052f211e7f1c61,a631ddec78d29777b81b0d85d8cf0299bb80c49ed3951d6bbd052f211e7f1c61
disc:doc_f44ab631c861c260,approved_crawled_document,doc_f44ab631c861c260,Лучший винодел 2025 года — Wine and Spirits,ru,approved,approved,true,postgres:knowledge_documents.text,6158,6,,include,,,a98c86927603ac74ef47cd3f96f6f7592141bf88c768c6381d0c51f64fec592d,a98c86927603ac74ef47cd3f96f6f7592141bf88c768c6381d0c51f64fec592d
disc:doc_f849b3572581903f,approved_crawled_document,doc_f849b3572581903f,Молдова — «7000 лет с вином» — Wine and Spirits,ru,approved,approved,true,postgres:knowledge_documents.text,14265,13,,include,,,4d26f364130e1408fdcc6d46db48a53913757923e6609d72066be03d1776c4f1,4d26f364130e1408fdcc6d46db48a53913757923e6609d72066be03d1776c4f1
disc:doc_fa3095dabb3bcb9b,approved_crawled_document,doc_fa3095dabb3bcb9b,"Штефан Одажиу о том, как командор стал хранителем — Wine and Spirits",ru,approved,approved,true,postgres:knowledge_documents.text,17151,16,,include,,,634d65a95010d2d1457ddf65c437de3890a82b41bab1a5401ecbd2b055d8a246,634d65a95010d2d1457ddf65c437de3890a82b41bab1a5401ecbd2b055d8a246
disc:doc_fb10f68dbae4caf3,approved_crawled_document,doc_fb10f68dbae4caf3,Игристые вина Bravista: насладись красотой момента! — Wine and Spirits,ru,approved,approved,true,postgres:knowledge_documents.text,9032,9,,include,,,f555e15366faba33edf51cefe7ff909eba881b66955338655234b18236a2afe4,f555e15366faba33edf51cefe7ff909eba881b66955338655234b18236a2afe4
disc:doc_fc6475a5524ec4af,approved_crawled_document,doc_fc6475a5524ec4af,Какие страны реэкспортируют вина? — Wine and Spirits,ru,approved,approved,true,postgres:knowledge_documents.text,6765,6,,include,,,dfc9743c0dc3addfefecb6f2288e51a91dd490b65c272d89153c7c606b6e5b98,dfc9743c0dc3addfefecb6f2288e51a91dd490b65c272d89153c7c606b6e5b98
disc:doc_fc737fe216195e15,approved_crawled_document,doc_fc737fe216195e15,Полезный опыт АО Tomai-Vinex: как превратить отходы в доходы — Wine and Spirits,ru,approved,approved,true,postgres:knowledge_documents.text,6463,6,,include,,,91e3ee2d7cdd272825e23a6eb8a51c420caf52eb7757ed6386090c72012b3065,91e3ee2d7cdd272825e23a6eb8a51c420caf52eb7757ed6386090c72012b3065
disc:doc_fca564a88ad34f46,approved_crawled_document,doc_fca564a88ad34f46,Aroma pădurii в десяти ликёрах от АО Aroma — Wine and Spirits,ru,approved,approved,true,postgres:knowledge_documents.text,9880,8,,include,,,2da573db45b7f1f480e9e4fd171fa666dff39b6bfb87730584c3c64506bea735,2da573db45b7f1f480e9e4fd171fa666dff39b6bfb87730584c3c64506bea735
disc:doc_fd084ba06eaae3e2,approved_crawled_document,doc_fd084ba06eaae3e2,Сезон виноделия-2024: «Гроздь потеряла связь с кустом» — Wine and Spirits,ru,approved,approved,true,postgres:knowledge_documents.text,4753,5,,include,,,18c1962d7aaf9c5eec8fa113a77f0fca4f769f776ec937116ef7916f16a7679e,18c1962d7aaf9c5eec8fa113a77f0fca4f769f776ec937116ef7916f16a7679e
disc:doc_fd3476978898f174,approved_crawled_document,doc_fd3476978898f174,Медали молдавских вин и дивинов за 2025 г. — Wine and Spirits,ru,approved,approved,true,postgres:knowledge_documents.text,5122,4,,include,,,d22bad79e5847ee569e85480c9624f975d30a4d8d0739eab7401c1318977efa2,d22bad79e5847ee569e85480c9624f975d30a4d8d0739eab7401c1318977efa2
disc:doc_fd3d24f3f937fa02,approved_crawled_document,doc_fd3d24f3f937fa02,Salcuta Vin | Outstanding Wines,en,approved,approved,true,postgres:knowledge_documents.text,3455,3,,include,,,1c636da94441369a6bb2aed93d90c601991757953df79803371cd33a976b2ce2,1c636da94441369a6bb2aed93d90c601991757953df79803371cd33a976b2ce2
disc:doc_fe06930d0e5bd44e,approved_crawled_document,doc_fe06930d0e5bd44e,Вина Secole – возвращение к истокам — Wine and Spirits,ru,approved,approved,true,postgres:knowledge_documents.text,8394,8,,include,,,f565d52496cd913f74b0ff7bf42579e16f83cdf2e38015683239d3b1d25c8f0d,f565d52496cd913f74b0ff7bf42579e16f83cdf2e38015683239d3b1d25c8f0d
disc:doc_ff282abc2866eb15,approved_crawled_document,doc_ff282abc2866eb15,Винный маршрут — Кишинёв,ru,approved,approved,true,postgres:knowledge_documents.text,8871,8,,include,,,6fd975844007db6f8d867519cb8cd94957d4d6797df753a5ac1ae3b316653abf,6fd975844007db6f8d867519cb8cd94957d4d6797df753a5ac1ae3b316653abf
disc:doc_ffaa52d6aa797b0e,approved_crawled_document,doc_ffaa52d6aa797b0e,"Штефан Яманди о цифровизации, новой винной географии и юбилейном Дне вина — Wine and Spirits",ru,approved,approved,true,postgres:knowledge_documents.text,18594,19,,include,,,7fe76463d21f08b23d02f6af59dd938aa310a313804509319385155c46bcd1f6,7fe76463d21f08b23d02f6af59dd938aa310a313804509319385155c46bcd1f6
curated:Ghid_Vin-Divin_Moldova__ro_en__7__Print.md,curated-uploaded-pdf,Ghid_Vin-Divin_Moldova__ro_en__7__Print.md,Ghid Vin-Divin Moldova (ro+en) 7  Print,ru,git_committed,curated,true,filesystem:knowledge/source/Ghid_Vin-Divin_Moldova__ro_en__7__Print.md,229586,117,,include,,dc53811f39c6ae718faa7bfe1fc3f6945e5db6019a73f57906cc517cd7980e9c,,
curated:book-alig-everything-guide-to-wine.md,curated-book,book-alig-everything-guide-to-wine.md,"""Peter Alig — The Everything Guide to Wine (2010)""",ru,git_committed,curated,true,filesystem:knowledge/source/book-alig-everything-guide-to-wine.md,7611,6,,include,,f0b6799d0312454ab83e607a43afa9daa38a3a460f49e372759f92a34dd2878d,,
curated:book-beckett-1001-wines.md,curated-book,book-beckett-1001-wines.md,"""Neil Beckett (ed.) — 1001 Wines You Must Taste Before You Die (2008)""",ru,git_committed,curated,true,filesystem:knowledge/source/book-beckett-1001-wines.md,8720,5,,include,,3be81920b5fb474e8d39c1794da06352b3312f098ba9b9d335a6ae7fb816f02d,,
curated:book-clarke-rand-luchshie-vina-i-vinogradniki-mira.md,curated-book,book-clarke-rand-luchshie-vina-i-vinogradniki-mira.md,"""Oz Clarke, Margaret Rand — Лучшие вина и виноградники мира (2016)""",ru,git_committed,curated,true,filesystem:knowledge/source/book-clarke-rand-luchshie-vina-i-vinogradniki-mira.md,19299,11,,include,,22030f0fa42d3f7981b6f8cb51f5b78dd068b412b7890b5c33e1711cff949598,,
curated:book-priewe-vino-illyustrirovannaya-entsiklopediya.md,curated-book,book-priewe-vino-illyustrirovannaya-entsiklopediya.md,"""Йенс Приве — Вино. Иллюстрированная энциклопедия (2003)""",ru,git_committed,curated,true,filesystem:knowledge/source/book-priewe-vino-illyustrirovannaya-entsiklopediya.md,23570,17,,include,,eb4cab33fa6d9009ce81b77bb1ce4d49a8afdc662544535f6193f0fdda6678eb,,
curated:book-spence-iskusstvo-degustatsii-vina.md,curated-book,book-spence-iskusstvo-degustatsii-vina.md,"""Годфри Спенс — Искусство дегустации вина (2005)""",ru,git_committed,curated,true,filesystem:knowledge/source/book-spence-iskusstvo-degustatsii-vina.md,25545,16,,include,,bc3231c20c867888d56a3db7b2febf2b2f943a4c7203787862105e9dde13a208,,
curated:book-vadim-luchshie-iz-luchshikh.md,curated-book,book-vadim-luchshie-iz-luchshikh.md,"""Франсуа Вадим — Вина. Лучшие из лучших (2012)""",ru,git_committed,curated,true,filesystem:knowledge/source/book-vadim-luchshie-iz-luchshikh.md,23378,13,,include,,8e177df3e746bed18a4e05a21084dc9feeb34d25ddca5fbbbf28b596a215f082,,
curated:cricova.md,curated-other,cricova.md,Винодельня Cricova,ru,git_committed,curated,true,filesystem:knowledge/source/cricova.md,445,1,,include,,28bbc8e5331d3fbdd74b56699c598017071beb3be93eeae717e3ff1c8f8e4980,,
curated:demo-crama-dealul-de-aur.md,curated-demo,demo-crama-dealul-de-aur.md,Crama Dealul de Aur (демонстрационная винодельня),ru,git_committed,curated,true,filesystem:knowledge/source/demo-crama-dealul-de-aur.md,4470,5,,exclude,demo_content,6909b375640c42ad2dcd5ac7d2850be24601dfb3ea84e94207e956c5e8b214dc,,
curated:demo-dealul-de-aur-feteasca-neagra-reserve-2019.md,curated-demo,demo-dealul-de-aur-feteasca-neagra-reserve-2019.md,Dealul de Aur Fetească Neagră Reserve 2019 (демонстрационное вино),ru,git_committed,curated,true,filesystem:knowledge/source/demo-dealul-de-aur-feteasca-neagra-reserve-2019.md,3138,3,,exclude,demo_content,14b3d6a65c505339c27c06b3eaef06219627bdf27360c69726c903448abeea6c,,
curated:feteasca-neagra.md,curated-feteasca,feteasca-neagra.md,Фетяска Нягрэ — автохтонный молдавский сорт,ru,git_committed,curated,true,filesystem:knowledge/source/feteasca-neagra.md,1227,2,,include,,654c92cc579422c43baf8e350b179252f7549d57bb35ccd1dd9310dff154f19e,,
curated:feteasca-neagra.ro.md,curated-feteasca,feteasca-neagra.ro.md,Fetească Neagră — soi autohton moldovenesc,ro,git_committed,curated,true,filesystem:knowledge/source/feteasca-neagra.ro.md,561,1,,include,,cee99c1f3c823a7991f589839eeeb0ef2ab41d8f1e128f6a96b0a76e16b80cfe,,
curated:manual-atu-winery.md,curated-manual,manual-atu-winery.md,"""ATU Winery — первая городская винодельня Молдовы""",ro,git_committed,curated,true,filesystem:knowledge/source/manual-atu-winery.md,1093,1,,include,,5cca5848a14b3fcefb53dc6d9cfd3e0d7bf61432aa353232af8400f7dca520cb,,
curated:manual-aurelius-winery.md,curated-manual,manual-aurelius-winery.md,"""Aurelius Winery — премиальные вина и игристые""",ro,git_committed,curated,true,filesystem:knowledge/source/manual-aurelius-winery.md,3156,2,,include,,3f8ec9cd8e7569cb156ca0d647d70e05fbe40643328c61ddd7243123c27b3466,,
curated:manual-chateau-cristi.md,curated-manual,manual-chateau-cristi.md,"""Chateau Cristi — вина юга Молдовы""",en,git_committed,curated,true,filesystem:knowledge/source/manual-chateau-cristi.md,941,1,,include,,b5d6c52e7f9a847f11cc84a3cdb4e05c4fca8975f9dcf04651e369c534fdc6d3,,
curated:manual-kislov-winery.md,curated-manual,manual-kislov-winery.md,"""КИСЛОВЪ — семейная винодельня из Бендер (Приднестровье)""",ru,git_committed,curated,true,filesystem:knowledge/source/manual-kislov-winery.md,2984,3,,include,,1fc6faff4a3122353fc1e55fe64527ddf9fa88cbd24a649563bf641779b3f77c,,
curated:manual-lion-gri.md,curated-manual,manual-lion-gri.md,"""Lion-Gri — производитель вина и разливочных решений (B2B)""",ro,git_committed,curated,true,filesystem:knowledge/source/manual-lion-gri.md,1334,2,,include,,23d4760d8093a088834f6e35930659acdf4cd5df05f9fc3ea85c0d17f6f2ca0c,,
curated:manual-radacini.md,curated-manual,manual-radacini.md,"""Radacini Wines — крупный производитель тихих и игристых вин""",ro,git_committed,curated,true,filesystem:knowledge/source/manual-radacini.md,1031,1,,include,,ba5f3a95e0c2e645ac7ee071e4bda5b09c11346095cd73e70409cc9b1c104774,,
curated:manual-vinaria-din-vale.md,curated-manual,manual-vinaria-din-vale.md,"""Vinăria din Vale — вина юга Молдовы""",ro,git_committed,curated,true,filesystem:knowledge/source/manual-vinaria-din-vale.md,736,1,,include,,d08e5197765110d4cd6c0610701eb03b6bc5f5851648b1137a3da2d9feabf4f6,,
curated:manual-wine-md-platform.md,curated-manual,manual-wine-md-platform.md,"""Wine.md — интернет-магазин вин, дегустационный зал и агрегатор винных экскурсий по Молдове""",ro,git_committed,curated,true,filesystem:knowledge/source/manual-wine-md-platform.md,2008,2,,include,,88efabfc00cb291b671a81851569595f322682f8a3d6ace127ff3599e730da98,,
curated:moldova-grape-varieties-en.md,curated-moldova,moldova-grape-varieties-en.md,Grape Varieties Grown in Moldova,en,git_committed,curated,true,filesystem:knowledge/source/moldova-grape-varieties-en.md,3705,5,,include,,90504aab49df9757e88cdc20c28fd5905054f49a9efabb82b1e1e1035bd83f3c,,
curated:moldova-wine-history-en.md,curated-moldova,moldova-wine-history-en.md,History of Moldovan Winemaking,en,git_committed,curated,true,filesystem:knowledge/source/moldova-wine-history-en.md,4223,5,,include,,72861d29fecac2a6a302323ca419949331ea984d44df5df5ec57f951962a74f9,,
curated:moldova-wine-industry-en.md,curated-moldova,moldova-wine-industry-en.md,"Moldova's Wine Industry Structure, Wineries and Institutions",en,git_committed,curated,true,filesystem:knowledge/source/moldova-wine-industry-en.md,3897,4,,include,,288aee636f81d320b7fb6bceea5c911d3a876baaa2719a36a89b9778eebd7a4b,,
curated:moldova-wine-regions-pgi-en.md,curated-moldova,moldova-wine-regions-pgi-en.md,Moldova's Wine-Growing Regions and Protected Geographical Indications,en,git_committed,curated,true,filesystem:knowledge/source/moldova-wine-regions-pgi-en.md,4160,5,,include,,a271594c45e451fb5ea7a073d129279bf820bdcacc9187d15d41a3da149d0c06,,
curated:news-2026-cricova-financials-ru.md,curated-news,news-2026-cricova-financials-ru.md,Cricova — финансовые результаты 2025 г. и возврат на рынок США,ru,git_committed,curated,true,filesystem:knowledge/source/news-2026-cricova-financials-ru.md,1191,1,,include,,1c3963897b3b4e18616164c74bf86015057df7564b41607dff6e03f884d8928b,,
curated:news-2026-milestii-mici-financials-ru.md,curated-news,news-2026-milestii-mici-financials-ru.md,Mileștii Mici — рост прибыли на 73% в 2025 году,ru,git_committed,curated,true,filesystem:knowledge/source/news-2026-milestii-mici-financials-ru.md,1053,1,,include,,d0a8df6b7f1f5000fb08e8529945525c8757176239fdf73918bf0f5138cdfe86,,
curated:news-2026-purcari-annual-results-ru.md,curated-news,news-2026-purcari-annual-results-ru.md,Группа Purcari Wineries — итоги 2025 года,ru,git_committed,curated,true,filesystem:knowledge/source/news-2026-purcari-annual-results-ru.md,1024,1,,include,,08507b087e55b0c1f525d26afabf0c8af98bd0fb83894365f25bf541fb0f73b4,,
curated:news-2026-purcari-biodynamic-acquisition-ru.md,curated-news,news-2026-purcari-biodynamic-acquisition-ru.md,Purcari Wineries приобрела биодинамические виноградники Les Terres Noires,ru,git_committed,curated,true,filesystem:knowledge/source/news-2026-purcari-biodynamic-acquisition-ru.md,916,1,,include,,5489bd3f8faf05cea68f7c411b10a86dd134442dbfba6edcb9faa8782a516a1b,,
curated:purcari.md,curated-other,purcari.md,Винодельня Purcari,ru,git_committed,curated,true,filesystem:knowledge/source/purcari.md,510,1,,include,,6130d53bcc2dde22ac941b159844717f5b487e96d699c8eea4500f30f4d70d36,,
curated:wine-pairing-roast-lamb.en.md,curated-other,wine-pairing-roast-lamb.en.md,Pairing Moldovan wine with roast lamb,en,git_committed,curated,true,filesystem:knowledge/source/wine-pairing-roast-lamb.en.md,759,1,,include,,82d0f3dad009094a01a8b267d8c4581e6b091cbefbadd7c08d12bc8327d044ba,,
curated:wine-route-moldova.md,curated-other,wine-route-moldova.md,Винный маршрут Молдовы,ru,git_committed,curated,true,filesystem:knowledge/source/wine-route-moldova.md,601,1,,include,,e459efbfe2478e570f06df405d94bc93fae0a7205e8b4e67bb50d90a40889341,,